d:\Training\R\diabetes.csvUnnamed: 0.1,Unnamed: 0,income_normalized,credit_normalized,approval
0,0,0.3745401188473625,0.2617056837359059,0
1,1,0.9507143064099162,0.2469787990719998,0
2,2,0.7319939418114051,0.9062545805210368,1
3,3,0.5986584841970366,0.2495461998495061,1
4,4,0.1560186404424365,0.2719497261286309,1
5,5,0.1559945203362026,0.7593982624179638,1
6,6,0.0580836121681994,0.44973984245054,0
7,7,0.8661761457749352,0.7767105569551813,1
8,8,0.6011150117432088,0.0653661575643853,0
9,9,0.7080725777960455,0.4875711936733842,1
10,10,0.0205844942958024,0.0336136001832826,1
11,11,0.9699098521619944,0.0626532034553545,1
12,12,0.8324426408004217,0.9064374533444112,1
13,13,0.2123391106782761,0.1392453711175951,0
14,14,0.1818249672071006,0.5324206822752171,0
15,15,0.1834045098534338,0.4110956026007065,1
16,16,0.3042422429595377,0.3473433262588427,0
17,17,0.5247564316322378,0.8998333456872725,1
18,18,0.4319450186421157,0.0218233967754895,0
19,19,0.2912291401980419,0.6637896861755892,1
20,20,0.6118528947223795,0.9633944342135504,1
21,21,0.1394938606520418,0.560168183461842,1
22,22,0.2921446485352181,0.9368224620330918,1
23,23,0.3663618432936916,0.0522578792860237,0
24,24,0.4560699842170359,0.4187933190741614,0
25,25,0.7851759613930136,0.2601577909620511,0
26,26,0.1996737821583597,0.7308209649807298,1
27,27,0.5142344384136116,0.9812970904972468,1
28,28,0.5924145688620425,0.2565300624442478,0
29,29,0.0464504127199977,0.6541746014740745,1
30,30,0.6075448519014384,0.1980976327597401,0
31,31,0.1705241236872915,0.56533025457161,1
32,32,0.0650515929852795,0.4639324866883362,1
33,33,0.9488855372533334,0.9720053296315372,0
34,34,0.9656320330745594,0.6085272726964666,1
35,35,0.8083973481164611,0.3495063720868188,0
36,36,0.3046137691733707,0.1140957848879333,0
37,37,0.0976721140063838,0.1512468287349345,0
38,38,0.684233026512157,0.225316929951235,0
39,39,0.4401524937396013,0.2509666613402979,0
40,40,0.1220382348447788,0.8506160578411378,0
41,41,0.4951769101112702,0.561222788282525,1
42,42,0.0343885211152183,0.5233909113743663,0
43,43,0.909320402078782,0.1147688718692175,0
44,44,0.2587799816000168,0.8601396933494351,1
45,45,0.662522284353982,0.7228143032084836,1
46,46,0.3117110760894109,0.0676683619000016,0
47,47,0.5200680211778108,0.7078350972297687,1
48,48,0.5467102793432796,0.5435382173426462,0
49,49,0.184854455525527,0.0817253457467782,0
50,50,0.9695846277645586,0.4583006415286565,0
51,51,0.7751328233611146,0.4846962871300469,1
52,52,0.9394989415641892,0.1657745401632757,0
53,53,0.8948273504276488,0.9456981470002822,1
54,54,0.5978999788110851,0.8499753714806618,1
55,55,0.9218742350231168,0.6690223373291083,1
56,56,0.0884925020519195,0.4622955610006072,0
57,57,0.1959828624191451,0.4117655415845084,1
58,58,0.045227288910538,0.6509734671509542,0
59,59,0.3253303307632643,0.5454318694069054,0
60,60,0.3886772896894819,0.0622731058818855,0
61,61,0.2713490317738959,0.5125026487703318,1
62,62,0.8287375091519295,0.8064036172328394,1
63,63,0.3567533266935893,0.459239877596958,1
64,64,0.2809345096873807,0.0519565775542684,0
65,65,0.5426960831582485,0.7862781993840331,1
66,66,0.1409242249747626,0.2013637821359744,1
67,67,0.8021969807540397,0.2586208348880388,0
68,68,0.0745506436797708,0.1647063534322959,0
69,69,0.9868869366005172,0.3302150648714975,0
70,70,0.7722447692966574,0.756751505688635,1
71,71,0.1987156815341723,0.5193858595039372,0
72,72,0.0055221171236024,0.2048812741507125,0
73,73,0.815461428454834,0.8778300781520407,1
74,74,0.7068573438476171,0.8795818549515293,1
75,75,0.7290071680409873,0.8705784250460068,1
76,76,0.7712703466859457,0.2387962113815392,1
77,77,0.0740446517340903,0.4512393441809881,0
78,78,0.3584657285442726,0.9849896561408752,1
79,79,0.1158690595251297,0.7720124763099904,1
80,80,0.8631034258755934,0.0271674212255597,0
81,81,0.6232981268275579,0.065204591260492,1
82,82,0.3308980248526492,0.4639313768123328,0
83,83,0.0635583502860236,0.9092202058615602,0
84,84,0.3109823217156622,0.5387017979527143,1
85,85,0.325183322026747,0.4978125080342901,1
86,86,0.729606178338064,0.1054736999566305,1
87,87,0.6375574713552131,0.6567801047242942,1
88,88,0.8872127425763267,0.8221031606002254,1
89,89,0.4722149251619493,0.3804200075075623,1
90,90,0.1195942459383017,0.7756118509253276,0
91,91,0.713244787222995,0.9644766539008116,1
92,92,0.7607850486168974,0.2037664591276891,1
93,93,0.5612771975694962,0.5233296311947412,0
94,94,0.770967179954561,0.2871379580845755,1
95,95,0.4937955963643907,0.7928544190338392,1
96,96,0.5227328293819941,0.5775933658811575,1
97,97,0.4275410183585496,0.6345824175503036,1
98,98,0.0254191267440951,0.7979141596158942,1
99,99,0.1078914269933044,0.3959704726624549,1
100,100,0.0314291856867342,0.9150900684070432,1
101,101,0.6364104112637805,0.5330288672461401,1
102,102,0.3143559810763267,0.157954822835348,0
103,103,0.5085706911647028,0.6958991181688025,1
104,104,0.907566473926093,0.7932613504382545,1
105,105,0.2492922291488749,0.3167616770675266,0
106,106,0.4103829230356297,0.857179256998753,0
107,107,0.7555511385430487,0.9061432547657664,1
108,108,0.2287981654916224,0.2769044873778089,0
109,109,0.0769799098287929,0.983521472715222,1
110,110,0.2897514529137679,0.1407115280487584,0
111,111,0.1612212872540044,0.20201566840249,0
112,112,0.9296976523425732,0.1842248392380261,1
113,113,0.808120379564417,0.8939897100078703,1
114,114,0.6334037565104235,0.6542925523249619,1
115,115,0.8714605901877177,0.1521042832222728,1
116,116,0.8036720768991145,0.4403234183683489,0
117,117,0.1865700588860358,0.6152980250698019,1
118,118,0.8925589984899778,0.0834640849893833,1
119,119,0.5393422419156507,0.8824163684073387,1
120,120,0.8074401551640625,0.8036035354415352,1
121,121,0.8960912999234932,0.5052067735766381,1
122,122,0.3180034749718638,0.9671266152591704,1
123,123,0.1100519245276767,0.4177609792750997,0
124,124,0.2279351625419416,0.9841103190364978,1
125,125,0.4271077886262563,0.6679199988036271,1
126,126,0.8180147659224932,0.6346712732539416,1
127,127,0.8607305832563433,0.165954895295785,0
128,128,0.0069521305311906,0.8819277583046439,1
129,129,0.5107473025775657,0.4274896879206151,1
130,130,0.417411003148779,0.1622334057824793,0
131,131,0.2221078104707302,0.012607519975759,0
132,132,0.1198653673336828,0.5597556836383826,0
133,133,0.337615171403628,0.5273996221226763,0
134,134,0.9429097039125192,0.7193536223691585,1
135,135,0.3232029320207552,0.8902580530178021,1
136,136,0.5187906217433661,0.0794065846430295,0
137,137,0.7030189588951778,0.7314964903403622,1
138,138,0.363629602379294,0.1874119440975821,0
139,139,0.9717820827209608,0.8581770531571639,1
140,140,0.9624472949421112,0.8190635138616562,1
141,141,0.2517822958253641,0.5407937549855445,1
142,142,0.4972485058923854,0.7102427986233116,1
143,143,0.3008783098167696,0.3143501131837483,0
144,144,0.2848404943774675,0.4711678989328146,0
145,145,0.0368869473545328,0.8216368977104718,0
146,146,0.6095643339798968,0.4592651971732138,1
147,147,0.5026790232288615,0.3577982653254418,1
148,148,0.0514787512499893,0.4942124472502998,0
149,149,0.2786464642366115,0.8282492524372184,0
150,150,0.9082658859666536,0.3352080473708727,1
151,151,0.2395618906669724,0.1737615931357438,1
152,152,0.144894872091223,0.7120140203307808,0
153,153,0.489452760277563,0.8259782127080817,1
154,154,0.9856504541106006,0.1006374785235333,1
155,155,0.2420552715115004,0.2398741127559446,1
156,156,0.6721355474058784,0.1419719897609938,0
157,157,0.7616196153287176,0.3479414115821667,0
158,158,0.2376375439923996,0.4503509789054126,0
159,159,0.7282163486118597,0.7488263369633065,1
160,160,0.3677831327192532,0.6511475848816741,1
161,161,0.6323058305935795,0.6209285674784311,1
162,162,0.6335297107608947,0.3523749466096544,1
163,163,0.5357746840747585,0.8414475530847599,1
164,164,0.0902897700544082,0.4712871673981645,0
165,165,0.835302495589238,0.9791049380151544,1
166,166,0.3207800649717358,0.634142138295737,1
167,167,0.1865185103998542,0.1262647415645027,1
168,168,0.0407751415547639,0.676177562075434,1
169,169,0.5908929431882418,0.3251040154316989,1
170,170,0.6775643618422824,0.6863271966860975,1
171,171,0.0165878289278561,0.0696411481624057,0
172,172,0.512093058299281,0.1748814371759594,0
173,173,0.2264957751979379,0.8557372589057864,1
174,174,0.64517279040945,0.2271795570235149,0
175,175,0.1743664290049914,0.8370411252429399,0
176,176,0.690937738102466,0.2792760884544104,0
177,177,0.3867353463005374,0.6428819100587077,0
178,178,0.9367299887367344,0.694150573509831,1
179,179,0.1375209441459932,0.5126547531450528,1
180,180,0.3410663510502585,0.3053106766967313,0
181,181,0.113473521240589,0.2126443763710961,0
182,182,0.9246936182785628,0.0331893545624262,0
183,183,0.877339353380981,0.3039464012407238,1
184,184,0.2579416277151556,0.653162790531283,1
185,185,0.659984046034179,0.9383048184484828,1
186,186,0.8172222002012158,0.871204482263052,1
187,187,0.5552008115994623,0.7660647765353026,1
188,188,0.5296505783560065,0.7884473432532987,1
189,189,0.2418522909004516,0.6649849034759953,0
190,190,0.0931027678058992,0.260286857566003,0
191,191,0.8972157579533268,0.90719503070583,1
192,192,0.9004180571633303,0.6707323119058339,1
193,193,0.6331014572732679,0.56044063098044,1
194,194,0.3390297910487007,0.1109894692134811,0
195,195,0.3492095746126609,0.4470555438064255,1
196,196,0.7259556788702394,0.4603582712019263,1
197,197,0.8971102599525771,0.8645636095226701,1
198,198,0.8870864242651173,0.5466482201877886,1
199,199,0.779875545857624,0.3804005489704096,1
200,200,0.6420316461542876,0.9768003285106592,1
201,201,0.0841399649950488,0.1107205933263156,0
202,202,0.1616287140946137,0.4225484283119445,1
203,203,0.8985541885270792,0.0420246751714052,0
204,204,0.6064290596595899,0.7399041207669304,1
205,205,0.0091970516166296,0.9180765521991506,1
206,206,0.101471542866032,0.2800373295504894,0
207,207,0.6635017691080559,0.8583416767991209,1
208,208,0.0050615838462186,0.2922182304618977,1
209,209,0.1608080514174986,0.9107701616439152,1
210,210,0.5487337893665861,0.7539619035967838,1
211,211,0.6918951976926933,0.8049067768414385,1
212,212,0.6519612595026006,0.0180065556004544,0
213,213,0.2242693094605597,0.962810357074026,1
214,214,0.7121792213475358,0.7266709920703232,1
215,215,0.2372490874968,0.3047510953861333,0
216,216,0.3253996981592677,0.829394664858847,1
217,217,0.7464914051180241,0.2815211984149299,1
218,218,0.6496328990472148,0.872753839566128,1
219,219,0.8492234104941778,0.112580390411937,1
220,220,0.6576128923003434,0.7036859774607958,1
221,221,0.5683086033354716,0.5406984766449103,1
222,222,0.0936747678280924,0.0965344701954407,0
223,223,0.3677158030594335,0.241893828258839,0
224,224,0.2652023676817254,0.0124040362773148,0
225,225,0.2439896433790835,0.468767965464506,0
226,226,0.9730105547524456,0.3012652607600004,1
227,227,0.3930977246667604,0.5983574842977588,0
228,228,0.8920465551771133,0.2972378077086172,1
229,229,0.6311386259972629,0.2999191115069847,1
230,230,0.7948113035416484,0.7431931987316034,1
231,231,0.5026370931051921,0.0481428359783534,0
232,232,0.5769038846263591,0.9028949951919872,1
233,233,0.4925176938188639,0.8522638743911813,0
234,234,0.1952429877980445,0.6678046832264065,1
235,235,0.7224521152615052,0.5932215701073842,1
236,236,0.2807723624408558,0.8923024981396522,1
237,237,0.0243159664314538,0.1853301795287144,0
238,238,0.6454722959071679,0.0789691621908285,0
239,239,0.1771106794070489,0.239510169909538,0
240,240,0.9404585843529144,0.7945782787001903,1
241,241,0.9539285770025874,0.0346702667264833,1
242,242,0.9148643902204484,0.5828068350834895,1
243,243,0.3701587002554444,0.9954375161913098,1
244,244,0.0154566165288674,0.8556960938375393,1
245,245,0.9283185625877254,0.5214456890435895,0
246,246,0.4281841483173143,0.0636409092866423,0
247,247,0.9666548190436696,0.8313735143857097,1
248,248,0.9636199770892528,0.5989785081772107,1
249,249,0.8530094554673601,0.1149329970595668,0
250,250,0.2944488920695856,0.0938572848233562,0
251,251,0.3850977286019252,0.9096268194365924,1
252,252,0.8511366715168569,0.6692002629380784,1
253,253,0.3169220051562776,0.8292867993167556,1
254,254,0.1694927466860924,0.8789789002822673,1
255,255,0.5568012624583502,0.5717723520483221,1
256,256,0.936154774160781,0.5174463517550414,0
257,257,0.6960297966749731,0.4304274103209902,1
258,258,0.570061170089365,0.3169465877911193,1
259,259,0.0971764937707685,0.4345959608587118,0
260,260,0.6150072266991697,0.7738796557301564,1
261,261,0.9900538501042634,0.6019234310151317,1
262,262,0.140084015236524,0.8925232899548461,1
263,263,0.5183296523637367,0.4433800143791878,1
264,264,0.8773730719279554,0.6070895787187539,1
265,265,0.7407686177542046,0.6313075530919886,1
266,266,0.6970157409952679,0.5916971623063256,1
267,267,0.7024840839871093,0.7026337730855163,1
268,268,0.3594911512197551,0.2374334683748062,0
269,269,0.2935918442644934,0.5123637775457908,0
270,270,0.8093611554785137,0.1042248028083476,0
271,271,0.8101133946791808,0.3845113276448125,0
272,272,0.8670723185801036,0.4876670686212645,1
273,273,0.9132405525564712,0.6522242595454724,1
274,274,0.5113423988609378,0.9505310525862036,1
275,275,0.5015162946871996,0.6006510665483558,1
276,276,0.7982951789667753,0.7435939161765598,1
277,277,0.6499639307777652,0.5062660594952028,1
278,278,0.7019668772577033,0.6341040313763313,1
279,279,0.7957926694361012,0.0709322161337734,1
280,280,0.8900053418175663,0.254391580841847,1
281,281,0.3379951568515358,0.3618530932051387,0
282,282,0.375582952639944,0.4724933550065136,1
283,283,0.093981939840869,0.0456487455023837,1
284,284,0.578280140996174,0.1400240975533176,0
285,285,0.035942273796742,0.2768143077913057,0
286,286,0.4655980181324601,0.9715326909010504,1
287,287,0.5426446347075766,0.3313470071030507,0
288,288,0.2865412521282844,0.4820410581120826,1
289,289,0.5908332605690108,0.1960977127383929,0
290,290,0.0305002499390494,0.6107800710757684,0
291,291,0.0373481887492144,0.2806832155159742,1
292,292,0.8226005606596583,0.2069925784384268,1
293,293,0.3601906414112629,0.5165726284459791,0
294,294,0.1270605126518847,0.0055057991604208,0
295,295,0.5222432600548044,0.0076640326492253,0
296,296,0.7699935530986108,0.2190688091018577,1
297,297,0.2158210274968431,0.0367213625008211,0
298,298,0.6228904758190003,0.1080257541306914,0
299,299,0.085347464993768,0.3388606493387516,0
300,300,0.0516817211686076,0.802585679579813,1
301,301,0.531354631568148,0.5720486433693008,0
302,302,0.5406351216101065,0.5126677259564163,0
303,303,0.6374299014982066,0.2934888232081217,0
304,304,0.7260913337226614,0.9317537194328164,1
305,305,0.9758520794625346,0.3970150412371917,1
306,306,0.5163003483011953,0.0870927667957715,0
307,307,0.3229564729412459,0.6170665161178014,0
308,308,0.7951861947687037,0.1138383934766014,0
309,309,0.2708322512620742,0.3452231428016921,0
310,310,0.4389714207056361,0.507411938717809,1
311,311,0.0784563813422659,0.8742225246851758,0
312,312,0.0253507434154575,0.4935465803401187,1
313,313,0.9626484146779252,0.7022587660316644,1
314,314,0.8359801205122057,0.9928168389990704,0
315,315,0.6959742060936981,0.1314891198979816,1
316,316,0.4089529444142699,0.2747315255195195,0
317,317,0.1732943200708457,0.3945760755976463,1
318,318,0.156437042671086,0.4218281785388314,0
319,319,0.2502428981645953,0.4110210752655457,0
320,320,0.5492266647061205,0.9076110025565548,1
321,321,0.7145959227000623,0.7140326444668564,0
322,322,0.6601973767177312,0.6079052140907037,1
323,323,0.2799338969459429,0.3093727178627821,0
324,324,0.954865280663194,0.8237903842212948,1
325,325,0.7378969166957684,0.9550605114849888,1
326,326,0.5543540525114007,0.8211982825502264,1
327,327,0.6117207462343522,0.0015651051914729,0
328,328,0.4196000624277899,0.6364013701834069,1
329,329,0.2477309895011574,0.0511353814421006,0
330,330,0.3559726786512616,0.2576072203337218,1
331,331,0.7578461104643691,0.0595247003477716,1
332,332,0.0143934886297558,0.6037954529493879,0
333,333,0.1160726405069162,0.6865899134926068,0
334,334,0.0460026420217527,0.114487638065905,0
335,335,0.0407288023189701,0.3838388830449794,1
336,336,0.8554605840110073,0.4562365089555421,1
337,337,0.7036578593800236,0.3690530217609166,0
338,338,0.4741738290873252,0.121025000485193,0
339,339,0.0978341606510014,0.4189477901874753,1
340,340,0.4916158751168324,0.7511780478084181,1
341,341,0.4734717707805656,0.0710076645332554,1
342,342,0.1732018699100151,0.0801800140819034,0
343,343,0.4338516492379731,0.3547712918359841,0
344,344,0.3985047343973734,0.9417257116189248,1
345,345,0.6158500980522165,0.668572646722914,1
346,346,0.6350936508676438,0.6786699566725648,1
347,347,0.0453040097720445,0.3619199908378649,0
348,348,0.3746126146264712,0.5936607912085384,0
349,349,0.6258599157142364,0.0101311840277434,0
350,350,0.5031362585800877,0.6360960464095421,0
351,351,0.8564898411883223,0.9132869475762366,1
352,352,0.658693631618945,0.6125734683448193,1
353,353,0.1629344270814296,0.873698593466345,0
354,354,0.0705687474004298,0.7239730554660938,0
355,355,0.6424192782063157,0.1205584164036902,0
356,356,0.0265113105416218,0.9024533072858416,1
357,357,0.5857755812734633,0.0664438443557748,0
358,358,0.9402302414249576,0.5339674725477637,1
359,359,0.575474177875879,0.1421371237934576,1
360,360,0.3881699262065218,0.0117066107309041,1
361,361,0.6432882184423532,0.422034260127639,1
362,362,0.4582528904915166,0.2950407076541563,0
363,363,0.5456167893159349,0.486000493797603,1
364,364,0.9414648087765252,0.5771998867345507,1
365,365,0.3861026378007742,0.0437390723089473,0
366,366,0.9611905638239144,0.1230032951237456,1
367,367,0.9053506419560636,0.5586423964504253,1
368,368,0.1957911347892964,0.3431673531726582,1
369,369,0.0693613008751654,0.7291734875494479,1
370,370,0.1007780013774266,0.6522916485919396,1
371,371,0.0182218256515497,0.8456043629899068,1
372,372,0.0944429607559284,0.6924928266692252,1
373,373,0.6830067734163568,0.4299310773901481,1
374,374,0.071188648460229,0.6729666223944324,0
375,375,0.3189756302937613,0.2753811742554186,0
376,376,0.8448753109694546,0.3063134987782127,1
377,377,0.0232719357358258,0.7889851599207933,0
378,378,0.8144684825889357,0.4464195164015822,1
379,379,0.2818547747733999,0.7983803405183525,1
380,380,0.1181648276216562,0.8224223736682783,1
381,381,0.6967371653641506,0.8575623376612839,1
382,382,0.6289428467798839,0.9166352358412074,1
383,383,0.877472013527053,0.4309852205132963,1
384,384,0.7350710438038858,0.3188668183211388,0
385,385,0.8034809303848485,0.5821987465941137,1
386,386,0.2820345725713065,0.3711724234376276,0
387,387,0.1774395437797228,0.601074166800233,1
388,388,0.7506147516408582,0.7055858626438246,1
389,389,0.806834739267264,0.6884050184921369,1
390,390,0.9905051420006732,0.3745528870201213,1
391,391,0.4126176769114265,0.1668602016987528,0
392,392,0.3720180857927831,0.4305293384622076,0
393,393,0.7764129607419968,0.1425941440819088,1
394,394,0.3408035402530178,0.8900970351838083,0
395,395,0.9307573256035648,0.3458774607378574,0
396,396,0.8584127518430118,0.1544597472233238,1
397,397,0.4289940273750183,0.0254477599057508,1
398,398,0.7508710677914973,0.6458223862864843,1
399,399,0.7545428740846825,0.6369023174547431,1
400,400,0.1031238688359326,0.3406041665812916,1
401,401,0.9025529066795666,0.071711888847651,0
402,402,0.5052523724478571,0.4096288948952319,1
403,403,0.8264574661077416,0.3112174950633936,1
404,404,0.3200496010306117,0.6771206397350094,0
405,405,0.8955232284962004,0.6057792494526903,1
406,406,0.3892016787341631,0.36459372819754,0
407,407,0.0108376514802983,0.2178925542549901,0
408,408,0.9053819764192635,0.988035966155592,1
409,409,0.0912866767861335,0.4540016211961148,0
410,410,0.3193136375904148,0.688274235780237,1
411,411,0.9500619670508048,0.1405529675783607,1
412,412,0.950607146937556,0.4855896996593978,1
413,413,0.5734378881232861,0.0275367198694654,0
414,414,0.6318372121697994,0.50545511791045,1
415,415,0.4484455219783197,0.9640174071177025,1
416,416,0.2932107716980646,0.3842067129858002,0
417,417,0.3286645453699159,0.0389960125749116,1
418,418,0.6725184560770384,0.0309557909193435,0
419,419,0.75237452943768,0.3879867599468695,1
420,420,0.7915790437258485,0.160024936463194,1
421,421,0.7896181427945538,0.0233520963281859,0
422,422,0.0912061030486903,0.7562136139501767,0
423,423,0.4944203047025814,0.4585230088818905,0
424,424,0.0575587600166442,0.2892447719726546,0
425,425,0.5495288823237355,0.9000831830164808,1
426,426,0.441530501373377,0.1161389602005256,0
427,427,0.8877041827582999,0.9559188289553192,1
428,428,0.3509150125520787,0.3139667173773528,1
429,429,0.1170670164276058,0.8884036723086811,0
430,430,0.1429916820528358,0.6029428764794614,0
431,431,0.7615106317174722,0.8267073597414875,1
432,432,0.6182180633162611,0.9840131632104644,1
433,433,0.1011226761227902,0.2884054378187457,0
434,434,0.0841068061149974,0.961135485407593,1
435,435,0.70096913145912,0.3894818949024203,1
436,436,0.0727630063641935,0.3855119047369224,0
437,437,0.8218600592903562,0.3403871042545057,0
438,438,0.7062422271564962,0.5414076073475851,0
439,439,0.0813487806418997,0.154145043178487,0
440,440,0.0848377140851919,0.5537114853580112,0
441,441,0.9866395785011752,0.5417048124100041,1
442,442,0.3742707957561203,0.7619018126048699,1
443,443,0.3706421470668909,0.8336499619375854,1
444,444,0.8127995672575025,0.440441350312424,1
445,445,0.9472485773838588,0.3023332493514937,0
446,446,0.9860010638228708,0.2593348973170944,1
447,447,0.7533781852589416,0.1946238367048718,0
448,448,0.3762595855309157,0.0576475821990248,0
449,449,0.0835007166986687,0.3424479788347133,0
450,450,0.7771469159274369,0.2702476921307832,1
451,451,0.558404249735805,0.9664173858664074,1
452,452,0.4242220092469762,0.5577088262500439,0
453,453,0.906354385094736,0.3472770390305075,0
454,454,0.1111974823061513,0.5804676009936959,0
455,455,0.4926251042908591,0.1391967013456955,1
456,456,0.011353644767419,0.4440437492022029,0
457,457,0.4686606419941262,0.6262343214210638,1
458,458,0.0563032756818373,0.4888978317924513,0
459,459,0.1188179162680719,0.4017788006543242,0
460,460,0.1175262467771049,0.9938483888996982,1
461,461,0.6492103021160635,0.8803147621489271,1
462,462,0.7460448792654234,0.6234059581594401,0
463,463,0.5833687650971596,0.5693773611822828,1
464,464,0.9621725484745418,0.620660479824584,1
465,465,0.374870579523704,0.2013121078224332,0
466,466,0.2857120862818608,0.3951377432643186,1
467,467,0.8685991281894603,0.0394595328908993,1
468,468,0.2235958385194526,0.4755460374868266,0
469,469,0.9632225394406112,0.5430245839576632,1
470,470,0.0121544746898163,0.2277497361032096,0
471,471,0.969878826707639,0.9640288471655136,0
472,472,0.0431599119505761,0.909454610937242,1
473,473,0.8911431136980711,0.722143235455906,1
474,474,0.5277011090862999,0.5333866287653626,1
475,475,0.9929647961193004,0.8699691596476851,1
476,476,0.0737965647353988,0.1306523438234629,0
477,477,0.5538542844013208,0.7905097942748849,1
478,478,0.9693025356190988,0.1248208139668483,1
479,479,0.5230978441701488,0.7942106625494055,1
480,480,0.6293986381352625,0.2757675682513569,1
481,481,0.6957486889846172,0.8770905810181888,1
482,482,0.4545410647677732,0.944042093825398,1
483,483,0.6275580800840634,0.1487959694051156,0
484,484,0.5843143119231002,0.4626756050653935,1
485,485,0.9011580104909892,0.980987378162685,1
486,486,0.0454463803414578,0.4834074359731465,1
487,487,0.2809631895922303,0.8635475225145451,1
488,488,0.9504114840765588,0.5887315221313197,1
489,489,0.8902637838909163,0.3753299079196018,1
490,490,0.455656752785713,0.2857835555258702,1
491,491,0.6201325978015368,0.2032230910860872,0
492,492,0.2773811829811327,0.7617981913776971,1
493,493,0.1881211597237613,0.3865405068230277,0
494,494,0.4636984049399821,0.511275462200751,0
495,495,0.3533522280260527,0.4923254800011818,0
496,496,0.5836561118508721,0.5772790292331311,1
497,497,0.0777346369649848,0.8655771456245522,1
498,498,0.9743948076661664,0.9807393435834296,1
499,499,0.9862107444796028,0.407584208573817,1
500,500,0.698161714019745,0.8275189221063031,1
501,501,0.5360963663441204,0.7645277946547177,1
502,502,0.3095276162863277,0.5735289514555734,1
503,503,0.8137950197069487,0.9560471436119332,1
504,504,0.6847311725538793,0.2004745155284027,0
505,505,0.1626169393448913,0.1092642103096214,0
506,506,0.9109271844938424,0.8539619669554221,1
507,507,0.822537242923169,0.4391498166337483,1
508,508,0.949799913291924,0.8469688542070605,1
509,509,0.7257195083883601,0.8930902051954149,0
510,510,0.6134151959357899,0.0624575936190714,1
511,511,0.4182430362906189,0.8834647629860607,1
512,512,0.9327284833540131,0.4483190553694222,1
513,513,0.8660638895004084,0.5104324890042322,1
514,514,0.0452186701061894,0.6265925110932101,0
515,515,0.0263669744972519,0.9263826067300868,1
516,516,0.3764633668780496,0.019116094429764,0
517,517,0.8105533307818329,0.4768434683178171,0
518,518,0.9872761293149444,0.6877220424305607,1
519,519,0.1504168911035281,0.7227069576982285,1
520,520,0.5941307153521351,0.692532431537108,0
521,521,0.3808908566310215,0.1344351294081218,0
522,522,0.9699143978146032,0.2993955883716812,0
523,523,0.8421189231357086,0.3587155254170135,1
524,524,0.838328704711138,0.804437207679505,1
525,525,0.4686931597949702,0.2787598724145529,0
526,526,0.4148195023376651,0.2107049638672031,0
527,527,0.2734070719307062,0.9574480190380964,0
528,528,0.0563754966509271,0.0088632851134688,0
529,529,0.8647223762550532,0.997820855681978,1
530,530,0.8129010091300776,0.6768212988573956,1
531,531,0.9997176732861306,0.8284692994491171,1
532,532,0.9966368370739054,0.2946193963461931,1
533,533,0.5554317056026274,0.0143152776670599,0
534,534,0.7689874151805105,0.73786951856153,1
535,535,0.944765729882428,0.8341445970006759,1
536,536,0.8496473906774115,0.7404761319535191,1
537,537,0.2473481017431976,0.1428502873008386,0
538,538,0.4505441353100934,0.753427922256969,1
539,539,0.1291594151514949,0.768922782107641,1
540,540,0.9540510272587224,0.658540515670055,1
541,541,0.60617463445088,0.7661159327955862,1
542,542,0.2286428055034627,0.8459214396777321,1
543,543,0.6717006844058568,0.6136041142374585,1
544,544,0.6181282404578958,0.0886047139696791,0
545,545,0.3581627180328405,0.4876278096672108,0
546,546,0.113557592199629,0.077649334671605,1
547,547,0.6715731955927997,0.4075430310324309,1
548,548,0.5203077009037933,0.4071064891256277,0
549,549,0.7723183917356393,0.0660098441402415,0
550,550,0.5201635011119934,0.3488205339694793,0
551,551,0.85218150031854,0.1109980987913147,1
552,552,0.5519068387744855,0.8082352100092222,1
553,553,0.5609379715353863,0.9476880259644708,1
554,554,0.8766536026583451,0.0723164752579385,1
555,555,0.403482866212397,0.9551152072917014,1
556,556,0.1340152284506407,0.5225765993367453,0
557,557,0.0287826763133389,0.2995656779538739,0
558,558,0.755137255673619,0.0768620752761635,0
559,559,0.6203095513534647,0.5006242680704178,0
560,560,0.7040797680992236,0.7945155444907488,1
561,561,0.2129641615089107,0.7070864772666983,1
562,562,0.1363714755867697,0.0502260114639737,0
563,563,0.0145446656678819,0.0729018353679035,1
564,564,0.350587558806597,0.4028732826326371,1
565,565,0.5899176868546331,0.2952904940479433,0
566,566,0.3922440450997323,0.2323843230560478,1
567,567,0.437474922023729,0.2810044989087135,1
568,568,0.9041586944937484,0.8034827432968847,1
569,569,0.3482554670233003,0.929228053631854,0
570,570,0.5139894891598108,0.4051026945275663,1
571,571,0.783653012741143,0.9061110021324972,1
572,572,0.3965427823212702,0.3214957012478819,1
573,573,0.6220867002278735,0.4764369863437915,0
574,574,0.8623637087467452,0.2260289978159997,0
575,575,0.949520623657642,0.640476042175844,1
576,576,0.1470734809290379,0.978981115174809,1
577,577,0.9265876251614944,0.6034930960433786,1
578,578,0.4921162930795382,0.3578140841135488,0
579,579,0.2582443882989584,0.6478174459905284,0
580,580,0.4591357562382613,0.1229206784653876,0
581,581,0.980032575285477,0.8886590802653985,1
582,582,0.4926180939928695,0.5030839507798365,0
583,583,0.3287516102875081,0.449349742039642,0
584,584,0.6334008543167257,0.5858647884535193,1
585,585,0.240145618778193,0.6247838627894025,0
586,586,0.0758633281086639,0.071775806226513,0
587,587,0.1288797219106492,0.6826172212234025,1
588,588,0.1280458389577724,0.2419316803155295,0
589,589,0.1519026935122943,0.7139526325065898,0
590,590,0.1388271726494101,0.8225347943841967,1
591,591,0.6408747448032146,0.8039585075525203,1
592,592,0.1818800843991448,0.552500967407889,0
593,593,0.3456672833238632,0.5201698923107512,1
594,594,0.8967884099060118,0.1428759613394117,1
595,595,0.4739616402628723,0.7753461504031355,1
596,596,0.6675577385210272,0.2714093804467143,0
597,597,0.1723198712016298,0.4966954228179466,1
598,598,0.1922890188086707,0.2842740929275167,0
599,599,0.0408686162664788,0.1338283629996931,0
600,600,0.1689350630721645,0.6295576968917365,1
601,601,0.2785903390319586,0.0543320348229038,0
602,602,0.1770104842767468,0.7486452341262,0
603,603,0.0887025337570556,0.3175867952611166,0
604,604,0.1206358711006008,0.0001346930044853,0
605,605,0.4607787680327257,0.5111291392372298,0
606,606,0.2063337184057925,0.0468519085276031,0
607,607,0.3642698610480754,0.2761695578208994,1
608,608,0.5034172708548569,0.7069764874557161,0
609,609,0.6903948286293653,0.0626896216218659,0
610,610,0.0393121398410989,0.8393384923560023,1
611,611,0.7994103989090426,0.0038199226585831,1
612,612,0.6279003894909078,0.2468238692019022,0
613,613,0.0817590319488719,0.7409040561520714,1
614,614,0.8735786241067772,0.3162701497293068,1
615,615,0.9208724005318132,0.1018923880660134,1
616,616,0.0610779598548637,0.3602339188004279,0
617,617,0.2768776481472037,0.2703932863845255,0
618,618,0.8062012797930612,0.8427119021605548,1
619,619,0.7482596903836585,0.3133479175851432,0
620,620,0.1845210193563773,0.7889324717760072,0
621,621,0.2093493233367103,0.8918721448107346,1
622,622,0.370472102791382,0.4338174195765296,1
623,623,0.4845229851910213,0.909943143854392,1
624,624,0.618254771530296,0.3773180539631928,0
625,625,0.3689136395697724,0.9640784164901082,1
626,626,0.4625347161331479,0.0892895245255729,0
627,627,0.7474709381337565,0.6870192665032429,1
628,628,0.0366832028905979,0.4938140404569286,0
629,629,0.2524369443440207,0.387648805455647,0
630,630,0.7133495858845524,0.632711878748601,1
631,631,0.8952068376871993,0.7038570916343311,1
632,632,0.5116774421156661,0.004363269650309,0
633,633,0.5321134852653157,0.1669530887471987,0
634,634,0.107172011339776,0.7130460506343186,1
635,635,0.4474123668234546,0.6663854135782065,0
636,636,0.5326172664550232,0.9660475051286772,1
637,637,0.2424705036347296,0.7610377902507831,1
638,638,0.2692432309493809,0.950772707731338,1
639,639,0.3772841631046226,0.7025405015348071,0
640,640,0.0200711977777263,0.2980522086394431,0
641,641,0.3220791655831783,0.1053649222508565,0
642,642,0.2114480069965446,0.7818238633449356,0
643,643,0.3274973521779146,0.6441492214759158,1
644,644,0.1197621318192512,0.0481860123932962,0
645,645,0.890527280739895,0.3600504659009783,1
646,646,0.5935924535540487,0.956799815484286,1
647,647,0.6791023191444896,0.5004011457102011,1
648,648,0.7891712386073383,0.4327291360197046,0
649,649,0.4984421989290572,0.4576996051592939,1
650,650,0.0869202880874236,0.2088827240051637,1
651,651,0.5371065418185478,0.3687071708647952,0
652,652,0.5868411180208791,0.3698132559871767,1
653,653,0.74543947418433,0.0523550201874723,0
654,654,0.4316595462296794,0.7675676285179184,1
655,655,0.1275803027955637,0.4165044319038789,1
656,656,0.2837759057987245,0.8221798868164234,0
657,657,0.3630822963986351,0.8503480011198954,1
658,658,0.6459172413316012,0.211994054698658,1
659,659,0.5707783046689119,0.6573534821701287,1
660,660,0.3560967258978462,0.4722818041629815,0
661,661,0.9865152487929796,0.8801567379214852,1
662,662,0.6057748193568872,0.2157406791764541,0
663,663,0.2372267917359944,0.6778132003100443,0
664,664,0.1017824726204037,0.6077521222527226,0
665,665,0.152859139184332,0.2953014775718328,0
666,666,0.2459577283845081,0.1366009036511726,1
667,667,0.1606813732595556,0.6516397604772767,0
668,668,0.1865670240513057,0.7385974581323308,0
669,669,0.2850951686938471,0.31562734376335,0
670,670,0.1733735952947548,0.6448326040223138,1
671,671,0.8967654246264252,0.3951309076115033,0
672,672,0.0802337456616421,0.7132068832826177,0
673,673,0.5245113895702547,0.1992152748940531,1
674,674,0.4103968269896615,0.8902150026361745,1
675,675,0.9823786169086064,0.2874095964655797,0
676,676,0.1120389021680523,0.3677859877561529,1
677,677,0.3978555990457417,0.0580919520803498,0
678,678,0.969470433275369,0.1115122123212764,0
679,679,0.8655071258939803,0.515861902712328,1
680,680,0.8170720709492798,0.2675926767279715,1
681,681,0.2579028270449399,0.8354802257421943,1
682,682,0.1708875873900658,0.0146933886549538,0
683,683,0.668643219924431,0.3790940486719362,1
684,684,0.9293759891275858,0.3373455467690926,0
685,685,0.5567628930139298,0.019327630917601,0
686,686,0.5716126894698998,0.1243683990005102,1
687,687,0.2799790936602842,0.4136426749186352,1
688,688,0.7694929331919369,0.4928645844474466,1
689,689,0.1870437485575233,0.404289747254869,0
690,690,0.3236792364042437,0.5309376784120939,1
691,691,0.4254364386164168,0.5951316749056815,1
692,692,0.507610378684455,0.0099238211278356,0
693,693,0.2424097324150802,0.4640951594535039,0
694,694,0.1148368247392035,0.9634992408875882,1
695,695,0.6106200424416326,0.5190322801295488,0
696,696,0.2886305532402557,0.6775422674589531,1
697,697,0.5812382214226123,0.3118638579168832,0
698,698,0.1543627152742023,0.7739913781527626,1
699,699,0.4811401018548175,0.7729214818761152,0
700,700,0.5325894325515859,0.5212960476541391,1
701,701,0.0518235368224269,0.9760138232792136,1
702,702,0.3366042781939206,0.1255502147626533,0
703,703,0.1344146769389742,0.0169476648895809,0
704,704,0.0633749704727677,0.770158211757096,1
705,705,0.9899602323899452,0.8071555373648827,1
706,706,0.3223538449747229,0.1202072291205762,0
707,707,0.8098744458546348,0.265582832958606,1
708,708,0.2546406547637638,0.0175523633666288,0
709,709,0.6815027222239293,0.2933086107805647,0
710,710,0.7602278598896864,0.7731418739186715,1
711,711,0.5956387406078443,0.5179605277125789,1
712,712,0.4715761885501583,0.3480955931682881,1
713,713,0.4118409141472685,0.3717392949063303,0
714,714,0.3488682665429953,0.0013536257154681,0
715,715,0.9295291442478258,0.2998005275652359,1
716,716,0.830619407787729,0.6464587416379304,1
717,717,0.9650269106665128,0.9741944438163572,0
718,718,0.1242972234855447,0.8470608269838995,1
719,719,0.7308674752036443,0.0235949646455291,0
720,720,0.9383404568210378,0.8985606046748394,1
721,721,0.1812330661656601,0.783198413298626,1
722,722,0.0664962673667775,0.7803761235709804,1
723,723,0.7411206492900592,0.4579957590035713,1
724,724,0.5744731131799119,0.3980052929545027,1
725,725,0.8418287767582721,0.3029157288331926,1
726,726,0.1397723766262895,0.0656948589543657,0
727,727,0.7952673118598902,0.228235363493699,0
728,728,0.2016273200477445,0.2466036349780246,0
729,729,0.1636559428657045,0.4840770697102016,1
730,730,0.1642657979309929,0.7474444065966939,1
731,731,0.814574720231382,0.4738098283979467,1
732,732,0.6651972206962,0.0578444494471606,0
733,733,0.5230654247691193,0.957789800988204,0
734,734,0.3588304841235024,0.9427243190941124,1
735,735,0.8772005408131083,0.7851895431484085,1
736,736,0.3924451074226353,0.9913279015642206,1
737,737,0.816599439471577,0.544482332800263,1
738,738,0.4391349085702184,0.962768350253206,1
739,739,0.3769444294249075,0.0756050406167507,0
740,740,0.4626797856696064,0.3656807482613713,0
741,741,0.3013778741641421,0.2253812680067657,1
742,742,0.7476093801762511,0.19583308413427,1
743,743,0.5027203900924792,0.1408029488926761,0
744,744,0.2322126951468173,0.6224136415659967,1
745,745,0.8995745732745685,0.7813218557473052,1
746,746,0.3838912213732114,0.5782983994203607,1
747,747,0.5435528611139886,0.1469627095882096,1
748,748,0.9064721109645468,0.8111237699334709,1
749,749,0.6242379959139921,0.6359547071637285,1
750,750,0.116898040708364,0.3881657061269954,0
751,751,0.9398321236134752,0.674130295536063,1
752,752,0.6277080530714179,0.2599049792428328,0
753,753,0.3349056146570861,0.3451922084942105,0
754,754,0.1392720726633872,0.9174858431319904,0
755,755,0.794025189270296,0.2905045056714204,0
756,756,0.6200727559285135,0.4699882681579365,1
757,757,0.5334610919763215,0.8901411373960147,1
758,758,0.8938925830509576,0.7077213502675275,1
759,759,0.7885972112245307,0.0622032261647027,0
760,760,0.1516748797327512,0.1473030442789703,0
761,761,0.3117220677955482,0.0078415907719168,0
762,762,0.2484891398144657,0.6309217902291634,0
763,763,0.743946292572677,0.4476734254104184,1
764,764,0.0335324347357793,0.1342748509022755,0
765,765,0.5698896848713165,0.9579341210567706,0
766,766,0.7624586857406906,0.52965972394562,0
767,767,0.8767656367617495,0.2418932941128891,1
768,768,0.3420817487159074,0.5006035711547075,0
769,769,0.821257304672013,0.6796203327351077,1
770,770,0.1106317369552072,0.0762392179735645,1
771,771,0.8464522917345182,0.274703815047892,1
772,772,0.1274886623319824,0.8069654908839935,1
773,773,0.3972872905603673,0.4596648704026612,0
774,774,0.7972953657795536,0.5465771420322949,1
775,775,0.1499174273487737,0.4328160022094692,0
776,776,0.2292513952326414,0.0438999426430051,1
777,777,0.7222525683930663,0.1657497798201558,1
778,778,0.7200365365460745,0.4455416387418908,1
779,779,0.6411476328852973,0.2091854654079278,1
780,780,0.6939484444671,0.0499790286596787,1
781,781,0.5427244433475962,0.8436496640518238,1
782,782,0.2517990589069527,0.9811925291641158,1
783,783,0.3456959935039194,0.7931428739967396,1
784,784,0.1815977168014257,0.853784921704667,1
785,785,0.9084505613336284,0.2419771303170453,1
786,786,0.5833917947661205,0.9606269755131996,1
787,787,0.4008514167636399,0.1969257044534283,0
788,788,0.4620058036441327,0.9514298103618322,1
789,789,0.9472833396118152,0.994819293965951,1
790,790,0.1533514031160802,0.7117228057460488,1
791,791,0.5862298320167972,0.981143731791822,0
792,792,0.505888678884466,0.5695397795671038,1
793,793,0.6114542354346478,0.2595417831760903,1
794,794,0.0181101838208405,0.4369958856656208,0
795,795,0.8721239089441515,0.593560935378786,1
796,796,0.9321182824836124,0.0730815620270149,1
797,797,0.5651331835892089,0.6223432646172461,0
798,798,0.6966508238768923,0.9811778367622944,1
799,799,0.9224993811772956,0.1901076497837276,0
800,800,0.7072386343133985,0.7925951162883832,1
801,801,0.1525390429142613,0.9078987937796196,1
802,802,0.5762883601668132,0.9437015928202208,1
803,803,0.6067150463828559,0.9601356044054472,1
804,804,0.424130671302386,0.5214596387214719,0
805,805,0.7364442356247228,0.9773079079915036,1
806,806,0.934367014769015,0.7573102071344389,1
807,807,0.9255685129067764,0.1616714362369619,0
808,808,0.4508393714041321,0.47690010646797,1
809,809,0.1132380458407552,0.7183311753720041,0
810,810,0.9848411989623346,0.2473403158190833,1
811,811,0.8388980864459341,0.6406151835488874,1
812,812,0.1246626812032668,0.6666004790466191,1
813,813,0.9208418826173722,0.1626997438085658,1
814,814,0.8698963620621283,0.5650853124527562,1
815,815,0.5188380571260721,0.7716269109786076,0
816,816,0.5912754357449292,0.4988956645359419,0
817,817,0.3990027038701302,0.0121031167761074,0
818,818,0.0547616388220313,0.0090384690792921,0
819,819,0.3351972416459008,0.3570293439700121,1
820,820,0.8028534485980114,0.926194068431782,1
821,821,0.0046320230046028,0.2286767796036088,0
822,822,0.3334991716911442,0.6343636888716873,1
823,823,0.3981686935909432,0.2220758706933206,0
824,824,0.5373956029379229,0.3216699896595485,0
825,825,0.9198556164127604,0.8480420896014841,1
826,826,0.3463459943659612,0.7288614422699468,1
827,827,0.3469532018962277,0.0953992773132106,1
828,828,0.7375012481097485,0.4287020209864336,1
829,829,0.4522179408898071,0.0291697636452644,0
830,830,0.2246048229399819,0.4808901466030089,0
831,831,0.4524395161326934,0.6624340117010682,0
832,832,0.1408570203797998,0.1185026235981515,0
833,833,0.1763869865062233,0.2888849389091656,1
834,834,0.4983677727394797,0.3978366255021569,0
835,835,0.4189254495045479,0.9195310246560496,1
836,836,0.9148459010681,0.993255015422964,1
837,837,0.3623938991166331,0.0449112989956158,0
838,838,0.5805883502780435,0.7610079234953921,1
839,839,0.6322642879195305,0.3717240664023432,1
840,840,0.0130944565883336,0.3924581862294801,0
841,841,0.6635373720167106,0.7542649733470227,0
842,842,0.1780359668697514,0.9184264321454086,1
843,843,0.9610703174694551,0.9509285945025484,1
844,844,0.1486627277531129,0.5771225860383208,1
845,845,0.4146241237270237,0.3571211593005028,1
846,846,0.0853496680786438,0.7875490858587794,0
847,847,0.9968742518459476,0.2510013832623002,1
848,848,0.5021950103312426,0.5640740288335178,0
849,849,0.5953850173200438,0.3585784615248731,1
850,850,0.0670764773884274,0.6566310737078761,0
851,851,0.7499604703991778,0.2403989128935069,1
852,852,0.2099055930955857,0.1915929457348258,0
853,853,0.8980542894407139,0.918239086675437,1
854,854,0.2051396404820071,0.1018036829495369,0
855,855,0.1906877206636666,0.5059579077349318,1
856,856,0.0365496678480948,0.2208527829630089,0
857,857,0.4720669451099992,0.0389299633256674,0
858,858,0.5648411332626164,0.0360188182914264,0
859,859,0.0657086394283523,0.1752217721058273,0
860,860,0.7755276166950105,0.8667703545060003,1
861,861,0.4532888347480276,0.2824787439770266,0
862,862,0.52439026932758,0.9504591705752956,1
863,863,0.4407627469382281,0.5816222929891935,1
864,864,0.400763060875326,0.4366141897687661,1
865,865,0.5596403313082179,0.5800888346694546,1
866,866,0.1552402459307125,0.5166983852262679,1
867,867,0.1819281304952711,0.7587762537573252,1
868,868,0.8617856210135173,0.2824960659728522,1
869,869,0.9461154621336328,0.3530503916003024,0
870,870,0.3733093162797529,0.8940943025332506,1
871,871,0.2707446731435537,0.9464565131504056,1
872,872,0.6439995432390159,0.8925582274864746,1
873,873,0.4087341710980964,0.4194479939573135,1
874,874,0.0253863556603448,0.7803655030068818,1
875,875,0.1561525973661904,0.4763357333010989,0
876,876,0.7159722288473975,0.4975398521461021,1
877,877,0.6589239419101515,0.2046801090572839,0
878,878,0.0270959925034834,0.5911303032585163,1
879,879,0.2219721619329494,0.1861358977533479,0
880,880,0.2310747965880714,0.3315646990671937,1
881,881,0.6718927435987283,0.8550302016199351,1
882,882,0.0197105377543641,0.2070758092108551,0
883,883,0.1041085819845738,0.0711582851734327,0
884,884,0.7999160853731894,0.0690075926128162,1
885,885,0.1785446620543336,0.940784520503108,0
886,886,0.6527461078518746,0.5069204379618346,1
887,887,0.2381827810467265,0.4094120718170184,0
888,888,0.0994413927593451,0.8108785810079185,1
889,889,0.243172190999454,0.835825927910516,1
890,890,0.7222669318556592,0.3321910331156046,1
891,891,0.8556964681062857,0.6936180574737952,1
892,892,0.8302198645669915,0.7711228158518866,1
893,893,0.3971835296184548,0.6546506868659546,1
894,894,0.6680851365706462,0.1515950748000993,1
895,895,0.2049842954158209,0.8758830835170569,1
896,896,0.2931477302610132,0.5390945527360087,1
897,897,0.8963358185211198,0.2824724263700037,1
898,898,0.013001923510736,0.4252281854376939,1
899,899,0.085508530854468,0.0375710903989074,0
900,900,0.2078862551460273,0.1278668012224175,1
901,901,0.0265322038738197,0.7655467505158607,1
902,902,0.1814354350897973,1.1634755366106796e-05,0
903,903,0.5830415609696922,0.4165658284822922,1
904,904,0.4214245505924979,0.5225101810855883,0
905,905,0.8926717110769748,0.0546344200009723,1
906,906,0.8174435617384409,0.9730781629723328,1
907,907,0.3418173516978759,0.2261253312496719,1
908,908,0.2594234334312924,0.3041987196362809,0
909,909,0.3796924081672669,0.3039425122550273,0
910,910,0.5902949425148077,0.2304166621173499,0
911,911,0.2680636408228762,0.0014738220863114,0
912,912,0.6241489078491341,0.7293447940879965,1
913,913,0.4094116521912405,0.9668454997992854,1
914,914,0.5520471808519802,0.2242934832850451,1
915,915,0.4361265291353167,0.6630471918034225,0
916,916,0.2944657595419176,0.741896326958715,1
917,917,0.9484533069621566,0.8484253790905247,1
918,918,0.7636057941597608,0.4226291970136092,0
919,919,0.1401131757664525,0.3029309056404292,0
920,920,0.8684679758979127,0.3252951340230311,0
921,921,0.4874311982495136,0.7126213330985129,1
922,922,0.8945522268940914,0.816779466505636,1
923,923,0.7998552559473152,0.1816139677566027,0
924,924,0.4252135044692335,0.3709410081577652,1
925,925,0.0224693083201174,0.90194019674915,1
926,926,0.268677359384946,0.8066935196947392,1
927,927,0.5416342146608669,0.9848584027624756,1
928,928,0.6334782198261473,0.7542482596820808,1
929,929,0.2578876854332023,0.3931952010279222,0
930,930,0.1393560740728241,0.5906378339946378,1
931,931,0.8349302367992992,0.6610142542473204,1
932,932,0.9844021807035522,0.0784558163171239,0
933,933,0.5256901823026858,0.544496959103865,1
934,934,0.1716792858483035,0.7093208284726097,1
935,935,0.272307326519369,0.1673213040010604,0
936,936,0.0183906765474667,0.780631717425557,0
937,937,0.914298806560499,0.5837727805141116,1
938,938,0.1177510828901411,0.9522217856975947,0
939,939,0.5765164755142536,0.0424222982068917,0
940,940,0.274055220687206,0.265326137555467,0
941,941,0.5541780025157934,0.6015538792998241,1
942,942,0.6514203883518642,0.2965599122059306,0
943,943,0.8297418037072016,0.7144241640712421,1
944,944,0.2064212717606032,0.759005282521931,0
945,945,0.0109958286584804,0.1025159640664744,0
946,946,0.1368856300688073,0.5138544642067677,0
947,947,0.9000186418481051,0.508890555591056,1
948,948,0.8738900775625152,0.369280770215541,0
949,949,0.5974131021703083,0.9329248625696722,1
950,950,0.6005168604336534,0.8275063198732212,1
951,951,0.6650366745462554,0.6972093819096369,1
952,952,0.1753712786234495,0.7143266357349976,1
953,953,0.9144119459249598,0.461716143813119,1
954,954,0.4187705248920731,0.9209945210965758,1
955,955,0.3831385282494974,0.6945954272532853,0
956,956,0.5189177052828375,0.7289810616558164,1
957,957,0.046965966775055,0.8616909037873453,1
958,958,0.1662833687560794,0.274071589342191,1
959,959,0.7380336164263704,0.8070709038667031,1
960,960,0.0827986679251264,0.1952406029564919,0
961,961,0.6031521094663882,0.3453419522448878,1
962,962,0.2453491096813209,0.3356104542698426,0
963,963,0.3892956140419766,0.9785254683891406,1
964,964,0.2886937367706998,0.856537223747927,1
965,965,0.3556727164649492,0.7011698615902597,1
966,966,0.7190459051842455,0.7270567616153901,0
967,967,0.297121715623175,0.5620727944025711,0
968,968,0.5664046402968972,0.947090667108519,0
969,969,0.4760504021990996,0.4962587528823616,1
970,970,0.6636711653626481,0.3805177098698945,1
971,971,0.936829739324758,0.163035336931591,0
972,972,0.7325720972102503,0.786205652261058,1
973,973,0.2149403785907567,0.7344439320755914,0
974,974,0.0311831350612846,0.3843550385241349,0
975,975,0.262264044299825,0.0251934139592293,0
976,976,0.5950779307002548,0.8389973277180107,1
977,977,0.0514258134842503,0.0114179834540736,0
978,978,0.4963662472012363,0.7036997796290511,1
979,979,0.5968428489168892,0.970257109726057,1
980,980,0.3342438908169609,0.4376613281482034,0
981,981,0.7709122037458219,0.2349734049959527,1
982,982,0.1065982531337718,0.7048710100433817,0
983,983,0.0751377817358087,0.8171281420155851,0
984,984,0.7281887562036035,0.5464303160778474,1
985,985,0.4954913162061985,0.9670352752561462,1
986,986,0.688402396427736,0.0516687216579611,0
987,987,0.4348273386037462,0.5047955983045281,0
988,988,0.2464020332391068,0.7184539473225501,0
989,989,0.8191023176741996,0.862640471149179,1
990,990,0.7994158789689794,0.17925561190779,0
991,991,0.6946964708544269,0.8000034817636813,1
992,992,0.2721451372299627,0.5527070757185452,1
993,993,0.5902306668690871,0.3965536819899632,0
994,994,0.3609738969400268,0.1317150285790936,1
995,995,0.0915820733266341,0.8652957589089124,0
996,996,0.9173135754622428,0.1572732081797153,1
997,997,0.1368186309189614,0.3097878592090993,0
998,998,0.9502373538208024,0.2900455319624368,0
999,999,0.4460057729579557,0.8714140341908544,1
1000,1000,0.1851329288386196,0.672702994208898,1
1001,1001,0.5419009473783581,0.7966813971913722,1
1002,1002,0.8729458358764083,0.250467898792499,0
1003,1003,0.7322248864095611,0.6248740996069988,1
1004,1004,0.8065611478614498,0.5717459831437488,0
1005,1005,0.6587833667107174,0.8328303767882711,1
1006,1006,0.6922765645178525,0.9060870604812606,1
1007,1007,0.8491956515653193,0.0121567714773867,0
1008,1008,0.2496680088591859,0.6740199190587927,1
1009,1009,0.4894249636431405,0.0518357991197289,0
1010,1010,0.2212094418196022,0.5488586650773558,1
1011,1011,0.987668007996647,0.2876327290436781,1
1012,1012,0.9440593396866132,0.3067765995221411,1
1013,1013,0.0394268113685059,0.3529585034523566,0
1014,1014,0.7055751725156886,0.6212924490496101,1
1015,1015,0.9252483174156658,0.3340499656687692,1
1016,1016,0.1805753451273335,0.7326990505902805,1
1017,1017,0.5679452305526295,0.4045273855738696,1
1018,1018,0.9154882975880418,0.0683532003099586,0
1019,1019,0.0339459785857988,0.7837598424841073,0
1020,1020,0.6974202672468398,0.285758324592706,0
1021,1021,0.2973490073725507,0.4327668795992626,0
1022,1022,0.9243961953765304,0.6854438832219015,0
1023,1023,0.9710582451653678,0.3324561571487121,1
1024,1024,0.944266489113434,0.0565856561467156,0
1025,1025,0.4742142166574637,0.3739210470128136,0
1026,1026,0.8620426509893134,0.9444485826943037,1
1027,1027,0.8445493985350705,0.6417343972985583,1
1028,1028,0.3191004732432557,0.6714791486672069,0
1029,1029,0.8289154741506773,0.6322821536376398,1
1030,1030,0.0370076347154926,0.1989921389594367,0
1031,1031,0.596269878482053,0.4183338641022802,1
1032,1032,0.230008837287703,0.7509397983633181,1
1033,1033,0.1205668857772788,0.1013728975531591,0
1034,1034,0.0769532016292091,0.2778527760897122,0
1035,1035,0.6962887758781398,0.2763191084658536,1
1036,1036,0.3398749637680662,0.4320189275945061,0
1037,1037,0.7247667715287616,0.9803687409421852,0
1038,1038,0.0653563407989423,0.0675025466838219,0
1039,1039,0.3152903378306104,0.5187009943805949,0
1040,1040,0.5394912923753372,0.1793646820122104,0
1041,1041,0.7907231648389634,0.970676545409744,1
1042,1042,0.3187525029320699,0.1133035047274642,0
1043,1043,0.6258913764370091,0.4036010023615912,0
1044,1044,0.885977748236187,0.7378849848346061,1
1045,1045,0.6158631881823046,0.7045544280274453,1
1046,1046,0.2329594747536337,0.4227286368939322,0
1047,1047,0.024400781556538,0.3465241679527183,0
1048,1048,0.8700988739009298,0.3976123785528706,1
1049,1049,0.0212694108503871,0.2642762631586393,0
1050,1050,0.8747016726841993,0.2053329387067997,1
1051,1051,0.528937134027212,0.4830396975588899,0
1052,1052,0.9390676985128962,0.2685337560676072,1
1053,1053,0.7987832357736654,0.2874616648972501,1
1054,1054,0.9979341105333376,0.6567560634745571,1
1055,1055,0.3507118154517101,0.968537331699892,1
1056,1056,0.7671882889311269,0.6036372005593752,1
1057,1057,0.4019309136092422,0.0769794670649662,0
1058,1058,0.4798756203039088,0.075583613854067,0
1059,1059,0.6275054632183701,0.951423220845566,1
1060,1060,0.8736771141863388,0.2972907903073336,0
1061,1061,0.9840834691992952,0.0920669860824754,0
1062,1062,0.7682734138645182,0.5990445871503816,1
1063,1063,0.4177667821673337,0.623648778290266,1
1064,1064,0.4213570022770702,0.6485048201186882,0
1065,1065,0.7375823015888915,0.2674020278575413,1
1066,1066,0.2387771457683023,0.015110684214475,0
1067,1067,0.1104741131313946,0.9650153694544716,1
1068,1068,0.3546221576407765,0.2508930456911025,0
1069,1069,0.2872389916540817,0.6760262880525476,1
1070,1070,0.2963081204559901,0.7066298698787097,1
1071,1071,0.2336077510499099,0.6100074170794857,0
1072,1072,0.0420931896363618,0.3129073942136482,0
1073,1073,0.0178739347334138,0.2710962537640657,1
1074,1074,0.9877223897360315,0.5976682827027031,0
1075,1075,0.4277731337358624,0.8660956336116915,1
1076,1076,0.3843266471596817,0.9467337289233956,1
1077,1077,0.6796472826930697,0.1059058044037576,1
1078,1078,0.2182538878650641,0.1548286125977198,0
1079,1079,0.9499611839502252,0.9447362587830797,1
1080,1080,0.786345014415552,0.7365352283347925,1
1081,1081,0.0894110023122595,0.8829938248297731,1
1082,1082,0.4175807757849283,0.2026326341353431,0
1083,1083,0.8791183075621647,0.5875858711094017,1
1084,1084,0.9447320222914104,0.7011395944174736,1
1085,1085,0.4674015112498697,0.6801118854469728,1
1086,1086,0.6134113892107077,0.4081516908666981,0
1087,1087,0.1670339460920752,0.0153948916913084,1
1088,1088,0.9911686261369764,0.5829260568042632,1
1089,1089,0.2316717013834434,0.2531015391796088,1
1090,1090,0.9427317741351257,0.4502542461428902,1
1091,1091,0.6496466489923685,0.9575810150838174,1
1092,1092,0.6077367948788591,0.3990353176424347,0
1093,1093,0.5126885110165086,0.8398016066644267,1
1094,1094,0.2306698117177587,0.1885406057492511,1
1095,1095,0.1765280320055082,0.6724604980250288,1
1096,1096,0.2204862090701753,0.9770069544389436,0
1097,1097,0.1864382621442545,0.1018931008729368,0
1098,1098,0.7795844735667533,0.008319942227192,0
1099,1099,0.3501252591667301,0.4335827926326142,1
1100,1100,0.0578426765633963,0.0926254830513672,0
1101,1101,0.9691026301408112,0.7483843496762314,1
1102,1102,0.8837858849634256,0.914548663848559,1
1103,1103,0.927752283195213,0.4340209727087588,1
1104,1104,0.9949078226464352,0.2587116421554409,1
1105,1105,0.1738952492194872,0.4344033190066098,1
1106,1106,0.3962420189026587,0.723447817850001,1
1107,1107,0.7582384757040912,0.0090541615803709,1
1108,1108,0.6960206180537921,0.5894539894846972,1
1109,1109,0.153895906339855,0.613291684887379,0
1110,1110,0.8158331249906177,0.6376882468959355,0
1111,1111,0.2244405718366606,0.2420220799808771,0
1112,1112,0.223817614822623,0.7140527233781268,1
1113,1113,0.5369744228934136,0.0913914863317764,0
1114,1114,0.5929399348417032,0.1992703364668008,1
1115,1115,0.5800862078378112,0.8774700466544819,1
1116,1116,0.0914868373977548,0.7387231507265662,1
1117,1117,0.8774608626303803,0.0137455540113452,0
1118,1118,0.265600042588706,0.2483762603698001,0
1119,1119,0.1295149212828041,0.2144064829931645,0
1120,1120,0.8887480798689772,0.2708063280369726,1
1121,1121,0.9556514982297531,0.2475597702798863,0
1122,1122,0.8621276172654506,0.0625262957428457,1
1123,1123,0.8095160747248781,0.4589405165968203,1
1124,1124,0.6552419806390218,0.732733474786165,0
1125,1125,0.5508573706091393,0.6067317247174364,1
1126,1126,0.0869867599114101,0.6728716685980798,0
1127,1127,0.4084532130706987,0.0811491785362391,0
1128,1128,0.372688517012314,0.9514907101767872,1
1129,1129,0.2597537837603262,0.838491833843025,0
1130,1130,0.7234201136885849,0.8050903184956628,1
1131,1131,0.4958757350787708,0.8229838050417675,1
1132,1132,0.0810462159076479,0.9327105081327614,1
1133,1133,0.2201832019498113,0.5442539661136977,1
1134,1134,0.6832587636595959,0.2002820178676258,0
1135,1135,0.0761308594903001,0.6167836078525412,1
1136,1136,0.8512069140487687,0.742881493667939,1
1137,1137,0.4951465270139743,0.7379173933540253,1
1138,1138,0.4805865773266479,0.5214490241668802,0
1139,1139,0.5924077846595176,0.068458719333578,0
1140,1140,0.8246809659251492,0.3711129384301278,1
1141,1141,0.347809207902193,0.9207666084633572,1
1142,1142,0.6780161525590637,0.5844489097574259,1
1143,1143,0.5657319639957911,0.5383319432557135,0
1144,1144,0.2670282701694213,0.2688535143821935,0
1145,1145,0.878629986355158,0.3684489199165789,0
1146,1146,0.7974260216069282,0.8953460891531693,1
1147,1147,0.6584518346584255,0.6664630475268357,0
1148,1148,0.8505817290942419,0.7873870267523327,1
1149,1149,0.8672942009598024,0.4543454230676552,1
1150,1150,0.7083629767150348,0.630247219456158,1
1151,1151,0.837013328363672,0.2483836087432074,1
1152,1152,0.6974714616692836,0.7054608302834864,0
1153,1153,0.6801407717603003,0.4276013337033373,0
1154,1154,0.6186113782151843,0.4425455148147456,0
1155,1155,0.7527166395576412,0.6493223245768817,1
1156,1156,0.1586051052930737,0.9362806214689268,1
1157,1157,0.8808707591989284,0.0640063466086209,0
1158,1158,0.8718435277452321,0.8247432373470077,1
1159,1159,0.0292472830345591,0.2923831104121931,0
1160,1160,0.8258167505647627,0.4439194545063777,1
1161,1161,0.1288698674734452,0.0219133287750089,1
1162,1162,0.3351188542591419,0.301046077834313,0
1163,1163,0.7435082562916078,0.5026312426301305,1
1164,1164,0.1607598960483082,0.056176077347439,0
1165,1165,0.8179670241190622,0.4910957293831651,0
1166,1166,0.8321341779577419,0.9271106288584272,1
1167,1167,0.5074677337608362,0.1053932181078051,1
1168,1168,0.0063858717168335,0.7644407280755043,1
1169,1169,0.2870381331749128,0.4096710533759927,0
1170,1170,0.6169269183757422,0.6551737145243379,1
1171,1171,0.9811861780274234,0.2602365979852293,1
1172,1172,0.6318135270166683,0.1594922625413583,1
1173,1173,0.2598035810641598,0.1604626142712265,1
1174,1174,0.6340057030996114,0.0704919456431446,0
1175,1175,0.5399853797158555,0.1856467049012429,0
1176,1176,0.7798453951511437,0.6642193849889683,0
1177,1177,0.1069806388269584,0.881690611843508,1
1178,1178,0.761027902502028,0.8141256855911619,1
1179,1179,0.5412665786761103,0.6851343098744841,0
1180,1180,0.9629920038589944,0.1104318634111026,1
1181,1181,0.3418721660386861,0.2891874462959498,0
1182,1182,0.632621893133948,0.3098068753224689,1
1183,1183,0.9320281055100176,0.2499569463976211,0
1184,1184,0.1025097279906792,0.5150056597097231,0
1185,1185,0.9372284872364512,0.5355538148796727,0
1186,1186,0.6878857223008134,0.3568859751711102,0
1187,1187,0.0678370591051718,0.353789158736436,0
1188,1188,0.3009635669468162,0.8285555979060814,0
1189,1189,0.7081720886452816,0.7892928483196856,1
1190,1190,0.0673506014687717,0.3077958316807456,0
1191,1191,0.5821704601762733,0.9137884438732594,1
1192,1192,0.3458830569529567,0.952815017002506,1
1193,1193,0.620915517767477,0.3267425420300408,0
1194,1194,0.0457420338125128,0.3544249487930549,0
1195,1195,0.8715368061523763,0.5056341534219588,1
1196,1196,0.9734889691773968,0.9411208125336736,1
1197,1197,0.9688778552856916,0.8763194331423115,1
1198,1198,0.7496518317429247,0.1025679625835898,1
1199,1199,0.1300862401306319,0.3927307432714162,0
1200,1200,0.7582631959290226,0.5533711897497718,1
1201,1201,0.0245869164588015,0.5031324725515399,0
1202,1202,0.0221235515289972,0.1938630679368927,0
1203,1203,0.3236102191495412,0.8588167711681548,1
1204,1204,0.4886431904046657,0.6769407829968375,0
1205,1205,0.7704074178077932,0.8379083748518036,1
1206,1206,0.6832953766065052,0.8587642793494723,1
1207,1207,0.4459027063767483,0.7483558536657396,1
1208,1208,0.2736266662816659,0.4392106012497172,0
1209,1209,0.997124500157711,0.6105467550154245,1
1210,1210,0.4261813022359729,0.1603654061197431,0
1211,1211,0.4513870243296755,0.6736454174749077,1
1212,1212,0.1636238211916691,0.1792532557392807,0
1213,1213,0.7948095487499295,0.6939495905101568,1
1214,1214,0.6936822257814886,0.2295981607539687,1
1215,1215,0.2207696127887604,0.1175513001502199,0
1216,1216,0.0823810456158426,0.1652844901429574,0
1217,1217,0.6804993020747132,0.0019921352190703,0
1218,1218,0.6545112142811351,0.7187396178535302,1
1219,1219,0.2732595269982093,0.7324010490583791,1
1220,1220,0.9508635622504104,0.5149333499132593,1
1221,1221,0.1510578917809002,0.1613628010553837,0
1222,1222,0.4323348010426019,0.0835543375106897,1
1223,1223,0.9436159201675988,0.0191289664372869,1
1224,1224,0.4197273169261223,0.1657481769652207,0
1225,1225,0.6385259476640855,0.8908555349831468,1
1226,1226,0.3975943979627943,0.2415368417016818,0
1227,1227,0.2742152023486701,0.3542713272172157,0
1228,1228,0.9839776479598282,0.1053454844813332,1
1229,1229,0.409334006315043,0.2223613047481702,0
1230,1230,0.8940992036791344,0.519224570780205,1
1231,1231,0.2299546058910861,0.6077526830956524,1
1232,1232,0.2131047040250833,0.2453523141662111,0
1233,1233,0.0311340828845113,0.0577321592251171,0
1234,1234,0.6516668253758852,0.3910328691273986,1
1235,1235,0.3685263437237611,0.2342033709263341,1
1236,1236,0.864358249839637,0.2195539232298019,0
1237,1237,0.4732099066915571,0.9598628027134553,1
1238,1238,0.9681934279147216,0.6163004859257242,1
1239,1239,0.1855255157031211,0.5568784431720959,1
1240,1240,0.8686231679556107,0.415775103523322,0
1241,1241,0.7765968527917417,0.4289443334301441,1
1242,1242,0.7709218446440519,0.5409050038380808,1
1243,1243,0.8447832281168877,0.6964298070361072,1
1244,1244,0.7610239909429989,0.7021460961818295,1
1245,1245,0.6262203216314154,0.1716939077054495,0
1246,1246,0.1312448776823876,0.500112752076627,0
1247,1247,0.0325261794912519,0.4119580950341018,0
1248,1248,0.9208478478156868,0.8705269662693842,1
1249,1249,0.616650314520738,0.6314189212183764,1
1250,1250,0.7965372909761763,0.5325040664159819,1
1251,1251,0.4815223515125501,0.1153946421789173,0
1252,1252,0.1173081889623945,0.6056378893234114,0
1253,1253,0.1251857922025504,0.1172039056802333,1
1254,1254,0.6855652872289714,0.337206575565752,0
1255,1255,0.4303058948994627,0.1428419648143319,0
1256,1256,0.2005247267003367,0.692073647024369,1
1257,1257,0.4915945467414368,0.2062521138361525,0
1258,1258,0.064208937075134,0.391859373188026,0
1259,1259,0.5819714019143988,0.8956747776187786,1
1260,1260,0.2689934044350976,0.2043163833989703,0
1261,1261,0.7975591006371882,0.5078050639587792,0
1262,1262,0.3103619589235737,0.419271661166022,0
1263,1263,0.4552201490818012,0.0181240410457297,1
1264,1264,0.0116205399081006,0.7927581135728129,0
1265,1265,0.0724468877945588,0.0690459063145997,0
1266,1266,0.3924935564066849,0.4742550209769536,1
1267,1267,0.4799388347171235,0.5606782949389499,1
1268,1268,0.6000205481193037,0.6284264566145872,0
1269,1269,0.2916625787093032,0.6886316293078756,1
1270,1270,0.6949818861265425,0.2532723835227151,1
1271,1271,0.8601223971892047,0.0099787766584493,1
1272,1272,0.7798509888933498,0.723443662354912,1
1273,1273,0.0396188253483571,0.5356565993475785,0
1274,1274,0.4805069472578289,0.8361177032072488,1
1275,1275,0.1049301784181748,0.8213883629006943,1
1276,1276,0.2420450158625275,0.843326167787883,1
1277,1277,0.9866625932671464,0.4850946599795402,1
1278,1278,0.1424955429015132,0.3336283958368656,0
1279,1279,0.498888153451356,0.79155820259137,1
1280,1280,0.618155734318119,0.451294113029255,0
1281,1281,0.702464970544104,0.1834421964034345,0
1282,1282,0.5596486834869141,0.8549740195614743,1
1283,1283,0.0097708474191836,0.8825598767723473,0
1284,1284,0.3264613082439918,0.4663097561401702,1
1285,1285,0.5177116433847114,0.0756997273097874,0
1286,1286,0.0878664991448333,0.3878260899169312,0
1287,1287,0.3506269312091807,0.8035376594626032,1
1288,1288,0.0332031087913665,0.9017740285462288,1
1289,1289,0.0785784971550207,0.2034727424975958,0
1290,1290,0.396923276201596,0.0669736120252715,0
1291,1291,0.1327157540430603,0.8773504531328387,1
1292,1292,0.5675408482615582,0.3894049389788752,1
1293,1293,0.6894649691372657,0.5417609642675633,1
1294,1294,0.8005866991090829,0.9680658120507588,1
1295,1295,0.2001502442448101,0.0665647279142228,0
1296,1296,0.1674825822590697,0.6483180074520954,1
1297,1297,0.1045678403344002,0.074105422574867,0
1298,1298,0.6364302495436368,0.3754689284665003,1
1299,1299,0.7064757264869013,0.8038145451934469,1
1300,1300,0.031586144825642,0.4334722327556344,0
1301,1301,0.9362122462436898,0.9971823539029504,1
1302,1302,0.0519712836514724,0.5590592849466022,0
1303,1303,0.5412963353010705,0.3211621526359535,0
1304,1304,0.7090605194509165,0.2201113259047531,1
1305,1305,0.8709691237460856,0.3505205342861617,1
1306,1306,0.7140869321324277,0.3725332737595508,1
1307,1307,0.8017280830697918,0.068713677723961,1
1308,1308,0.339450192542806,0.3695741994267731,0
1309,1309,0.8148251137465122,0.4642385197392249,0
1310,1310,0.0801148463846751,0.7227377522388047,1
1311,1311,0.8948166560605276,0.656729484721608,1
1312,1312,0.5475923761537362,0.7087656552291541,0
1313,1313,0.8172977699624937,0.008363681876857,0
1314,1314,0.4523182845183001,0.217667399580536,0
1315,1315,0.6435776951965249,0.6616842883998565,1
1316,1316,0.5264026609361132,0.4839893681797472,1
1317,1317,0.731589521755332,0.0053134756683459,0
1318,1318,0.0816299820305896,0.8044946424318223,1
1319,1319,0.0603520839905637,0.7728095732903375,0
1320,1320,0.2471032340101464,0.5484191629935627,1
1321,1321,0.1595446801131883,0.0664633257762721,0
1322,1322,0.8717835665922017,0.7665150495325846,1
1323,1323,0.2192139873580443,0.583713587731364,0
1324,1324,0.9758652558191312,0.7819599771579591,1
1325,1325,0.3368957917711068,0.7517469923958403,1
1326,1326,0.1821179156886992,0.8030020719578372,1
1327,1327,0.7896985071424791,0.5180080664046247,1
1328,1328,0.6587077755008761,0.1403245181935149,0
1329,1329,0.498195716453139,0.6711574733796887,1
1330,1330,0.5553635509376312,0.6204737850519706,1
1331,1331,0.7192017782722638,0.7422531871990871,1
1332,1332,0.2284547413312987,0.1698810060507353,1
1333,1333,0.996333916056742,0.1949751999002892,1
1334,1334,0.9747931621467832,0.8904095172193285,1
1335,1335,0.6503256863469368,0.7499777984520708,0
1336,1336,0.1995424509291451,0.908228488700323,1
1337,1337,0.6802282424312913,0.7587153211639208,1
1338,1338,0.0721984089791758,0.597155305990302,0
1339,1339,0.030652502205806,0.6541327370278737,1
1340,1340,0.2576828885112137,0.88912792394001,0
1341,1341,0.4626229567393163,0.5788067545119404,0
1342,1342,0.8682725054083806,0.6323913243283873,1
1343,1343,0.727169069766308,0.1564767160036005,1
1344,1344,0.742706521199981,0.4739212201161027,0
1345,1345,0.4254933344480753,0.7163971119580989,1
1346,1346,0.3459349925469629,0.2709426983163654,1
1347,1347,0.3710387629846027,0.2022541805245349,0
1348,1348,0.9876495637360578,0.3138268082244155,1
1349,1349,0.0401091914124824,0.2415006279928335,0
1350,1350,0.8670314961224486,0.2149126370363958,0
1351,1351,0.5786754085723934,0.424850842868087,0
1352,1352,0.4386154191895904,0.907838513883534,1
1353,1353,0.7252576604151364,0.5070596467387184,1
1354,1354,0.4866689414247029,0.187920380815323,0
1355,1355,0.8734232380816607,0.076971669380874,1
1356,1356,0.9007018640112584,0.6961561451379252,1
1357,1357,0.4217209268734554,0.3827987644363878,0
1358,1358,0.2768277972350516,0.8218309465853593,0
1359,1359,0.5923503285933622,0.6595107686407701,1
1360,1360,0.912363345616691,0.7962414505413686,1
1361,1361,0.2106621890056665,0.2719460394184487,0
1362,1362,0.6229665835634828,0.6923589224610582,1
1363,1363,0.6315602200925204,0.2640619846937188,0
1364,1364,0.733113022415281,0.9390684794502916,1
1365,1365,0.1315676851272598,0.6363742815333744,0
1366,1366,0.7158249646820884,0.3245118001753421,0
1367,1367,0.909032520665641,0.2695118622922726,1
1368,1368,0.179683108870242,0.1909265850716435,0
1369,1369,0.2375433249238776,0.6946409588937278,1
1370,1370,0.9713950940416396,0.2187156129979273,1
1371,1371,0.1809769527094898,0.5953032659274891,1
1372,1372,0.8543850933695791,0.2646350269253573,1
1373,1373,0.4922778564480347,0.6619689447938686,0
1374,1374,0.247231074403177,0.8149397285405392,1
1375,1375,0.8707499012725114,0.7780252431446533,1
1376,1376,0.4453052550026654,0.7608513309307818,1
1377,1377,0.5148173539296902,0.1877224056922521,0
1378,1378,0.3592333693997656,0.0883849469845187,0
1379,1379,0.5929508514349274,0.6989488284873856,1
1380,1380,0.1635238725850227,0.3683472137943513,1
1381,1381,0.3910815366517607,0.4323462264033473,0
1382,1382,0.9694123223352876,0.031149092793391,1
1383,1383,0.2581334327011275,0.2595764492750492,1
1384,1384,0.6567366645412922,0.033676403874464,0
1385,1385,0.3251900642246949,0.8791857726012476,1
1386,1386,0.7734731256866006,0.2433966832185305,1
1387,1387,0.1308736607183498,0.557337169573008,0
1388,1388,0.9698210450785446,0.0389793206611304,0
1389,1389,0.4537895413836392,0.666847391305658,0
1390,1390,0.2360504633464639,0.3230273457540939,1
1391,1391,0.0734967473300126,0.8979191869576657,1
1392,1392,0.1697579050875407,0.8881181889340359,0
1393,1393,0.5197739485560177,0.3252906183617477,0
1394,1394,0.3370031764312863,0.900960895690468,1
1395,1395,0.8288833658826095,0.9961576734987788,1
1396,1396,0.4308875236618059,0.8254156641239481,1
1397,1397,0.2487142725876298,0.844871347755229,1
1398,1398,0.6171449866040299,0.2490087361090899,1
1399,1399,0.7067772168854458,0.5767023988577563,0
1400,1400,0.1670419079009498,0.0672559139673678,0
1401,1401,0.1676192162883176,0.0949179368216697,0
1402,1402,0.0366714269335429,0.9988926120332908,0
1403,1403,0.7364020150656404,0.3266392494259109,1
1404,1404,0.6638045276218052,0.7481839120488464,1
1405,1405,0.4746308757498139,0.8066650530268163,0
1406,1406,0.8441704489691972,0.8580232710072292,0
1407,1407,0.8056701529500532,0.9976282974021564,1
1408,1408,0.5853543643967521,0.2414964852568678,1
1409,1409,0.8682712805132587,0.0403508268596996,0
1410,1410,0.2058412100367682,0.411191517994586,0
1411,1411,0.1119196193977278,0.1300806698289469,0
1412,1412,0.2697496115169896,0.022425889162055,0
1413,1413,0.0570868560893148,0.360426827141486,1
1414,1414,0.531169528001032,0.7837382510752364,1
1415,1415,0.9366056922949616,0.566180691225071,1
1416,1416,0.0393435406685096,0.312777989210354,0
1417,1417,0.1221099140100268,0.6543420054927198,1
1418,1418,0.4521990282834353,0.2320181803088107,0
1419,1419,0.9338750175279048,0.0143814460720849,1
1420,1420,0.3161561049767504,0.7643533864364273,1
1421,1421,0.5072348086883924,0.6237430848640092,1
1422,1422,0.041572859050392,0.7623026245009599,0
1423,1423,0.1483432009620888,0.0389380166876656,0
1424,1424,0.9866301229588468,0.8371196278306521,1
1425,1425,0.9651186964360456,0.6195262000363033,1
1426,1426,0.0049399809344096,0.5633953507126402,0
1427,1427,0.9518117854232389,0.6246140481145316,1
1428,1428,0.6391199378155004,0.864433246868364,1
1429,1429,0.8679182945200221,0.586936506558907,1
1430,1430,0.4547398556338591,0.5809503798881794,1
1431,1431,0.5155960285792502,0.9906791570657658,1
1432,1432,0.4888465802569202,0.756730167068568,1
1433,1433,0.6668642575461042,0.4422938054511351,1
1434,1434,0.1396512547563129,0.7073970000329278,0
1435,1435,0.0299735898726779,0.3892304716917885,0
1436,1436,0.3079299415911909,0.228875462483499,1
1437,1437,0.7046807627366468,0.5968518768877594,0
1438,1438,0.2018534521229483,0.9281820981139514,1
1439,1439,0.6734324333249174,0.9291395200154628,1
1440,1440,0.9699120461072704,0.3419052781054903,1
1441,1441,0.0939007157894183,0.527677466221695,1
1442,1442,0.6726021182251263,0.2116358985698612,1
1443,1443,0.4437502193045712,0.9956311094988834,0
1444,1444,0.8681422543775055,0.9811179078679358,1
1445,1445,0.1771497894473859,0.6495089297074473,1
1446,1446,0.6926259522261644,0.8044140596774734,1
1447,1447,0.8381152896481102,0.7151001612837,1
1448,1448,0.9446142194740232,0.5931582190394682,1
1449,1449,0.6832480282896457,0.0533479969888976,1
1450,1450,0.4971747640084273,0.454764342552661,1
1451,1451,0.6178472402012137,0.6747863021674104,1
1452,1452,0.8689049844787183,0.6775316138836847,1
1453,1453,0.5706097466388297,0.3731226184223836,1
1454,1454,0.0303870596968368,0.9416919866580304,0
1455,1455,0.9309486955069778,0.167357032236781,1
1456,1456,0.689526751031561,0.5003594462155607,1
1457,1457,0.6765133857772466,0.6908839765508227,1
1458,1458,0.2156751523977171,0.6971358058918093,0
1459,1459,0.6588854702326573,0.6486389567688154,0
1460,1460,0.3938644056541585,0.2752882134518601,0
1461,1461,0.6512329770414922,0.1562065686866219,1
1462,1462,0.1065930303079907,0.6359403268267108,1
1463,1463,0.657845304603036,0.5993021161394377,1
1464,1464,0.9994137257706665,0.179356010289241,1
1465,1465,0.048212038860556,0.7051391455705633,0
1466,1466,0.9771741842213172,0.4551719917336564,1
1467,1467,0.4069079607228706,0.6677605916031528,0
1468,1468,0.8707534503372591,0.8373670797701508,1
1469,1469,0.7823854840582735,0.1697284285769231,1
1470,1470,0.5670162609866678,0.0191448679968366,0
1471,1471,0.7384492092513266,0.7791025863957868,1
1472,1472,0.8785155613013479,0.6096974251526159,1
1473,1473,0.404140321651033,0.6996395696221217,1
1474,1474,0.3270331615632387,0.8381549749886426,1
1475,1475,0.6675933855635848,0.8028109348245004,1
1476,1476,0.8078459419412586,0.9609201469288244,1
1477,1477,0.7622851347766157,0.5359350788521182,1
1478,1478,0.7978136488586344,0.4884956326599054,1
1479,1479,0.4355833148129329,0.4018871998907302,1
1480,1480,0.8178342161750216,0.1536910428442045,0
1481,1481,0.1202090553706084,0.5726072328820224,1
1482,1482,0.5444890979608495,0.2770125243259787,0
1483,1483,0.0057586604981215,0.9213075122129756,0
1484,1484,0.3245858299002703,0.5831908042770976,0
1485,1485,0.3664615348713979,0.5928401805081103,0
1486,1486,0.3961726916092554,0.3549246608770101,1
1487,1487,0.6954672066898622,0.0519893519777074,0
1488,1488,0.3885581012703457,0.0317437653729885,0
1489,1489,0.4486936226225307,0.4233351441531975,0
1490,1490,0.2375441308743274,0.0845653780972379,0
1491,1491,0.3732517916293401,0.606846955540139,0
1492,1492,0.2272696272631514,0.8809730056396574,1
1493,1493,0.0731959237684436,0.8829148165187222,1
1494,1494,0.6034485933813779,0.6590454101322323,1
1495,1495,0.6682127985550161,0.211231831472931,1
1496,1496,0.6194903460096144,0.8629968313588721,1
1497,1497,0.4634940438005723,0.886093435313208,0
1498,1498,0.3797857801792298,0.1966535849529587,0
1499,1499,0.8633336495718252,0.7374260857706773,1
1500,1500,0.519081785136218,0.2865195489271229,0
1501,1501,0.4791818776297309,0.8026403123529297,1
1502,1502,0.0256420658064356,0.9972378999036028,1
1503,1503,0.3412478276261563,0.0300260053293928,0
1504,1504,0.380195618785857,0.897365865790932,1
1505,1505,0.3988227808969005,0.622630533598658,1
1506,1506,0.5801723692273323,0.9733826191648212,1
1507,1507,0.5336025467268785,0.4650095175264275,1
1508,1508,0.6079050927934446,0.8473879305713737,1
1509,1509,0.7648832615421283,0.0623940685982772,0
1510,1510,0.8129857387160934,0.3352790500782957,1
1511,1511,0.7181230762264944,0.06701653775121,0
1512,1512,0.9555236959549346,0.9753431334790704,1
1513,1513,0.0182325826763616,0.8169739072718366,0
1514,1514,0.1957779856835461,0.8525474212459705,1
1515,1515,0.0075628749781421,0.9379652314338942,0
1516,1516,0.647474714154603,0.0851034861197853,0
1517,1517,0.8980305489499869,0.3855975925133332,1
1518,1518,0.2434822965762992,0.0710348890440021,1
1519,1519,0.9270345447963066,0.2107931015500286,1
1520,1520,0.0602673902895608,0.2293657770376723,0
1521,1521,0.9344360268055144,0.4691072110475786,1
1522,1522,0.3516226872396344,0.2685621674536426,0
1523,1523,0.1014208284492165,0.1009781068177611,0
1524,1524,0.4858717591863256,0.1674910890941076,0
1525,1525,0.256776567720508,0.1472755635520909,1
1526,1526,0.2848729019619229,0.9730767979122984,1
1527,1527,0.3072899649262866,0.7592925069184736,1
1528,1528,0.8030258978326633,0.967761465269562,1
1529,1529,0.5391612766752545,0.4397404865079085,1
1530,1530,0.3113076991560036,0.2783684816626566,0
1531,1531,0.6103337833109184,0.7982931972091867,1
1532,1532,0.7161506742231936,0.3262539180411468,0
1533,1533,0.2726240007335337,0.2993833737053482,0
1534,1534,0.4135491015253515,0.2325059922078312,1
1535,1535,0.1218860933369475,0.1296789782242353,1
1536,1536,0.1811493495346803,0.256463061016766,1
1537,1537,0.6811178539649829,0.3553197484738877,0
1538,1538,0.1814383476956269,0.6739942081457304,1
1539,1539,0.5251633836670602,0.0625648422194516,0
1540,1540,0.7090462617224327,0.2105069396653429,1
1541,1541,0.1068769230947438,0.8090236402916765,0
1542,1542,0.5673122196289035,0.1469219235837707,0
1543,1543,0.2565627837013637,0.3426451465225215,0
1544,1544,0.96292687523758,0.8646589218581401,1
1545,1545,0.4835456467199248,0.1549253111434426,1
1546,1546,0.8059925497751581,0.0827368356181899,1
1547,1547,0.5502265421562618,0.4845379950800109,1
1548,1548,0.0434125328548191,0.3024195112785364,0
1549,1549,0.6331513755940225,0.5634083644838541,1
1550,1550,0.951403342206657,0.803804890483475,1
1551,1551,0.6016118201463312,0.1371484881527432,0
1552,1552,0.8191888594267903,0.580699084554285,0
1553,1553,0.8842064633484078,0.5055087603898639,1
1554,1554,0.2280797719489324,0.1440787860131996,0
1555,1555,0.2120448399082266,0.6239984855289824,0
1556,1556,0.6109809888509917,0.2736404178607716,1
1557,1557,0.4110284698067047,0.4878343185440124,0
1558,1558,0.8398613028667202,0.0822723242770619,1
1559,1559,0.9000231233980112,0.4595840572136231,1
1560,1560,0.353421379302718,0.3064634680428203,0
1561,1561,0.236870558974482,0.8223812111853542,0
1562,1562,0.7805255152438618,0.0569787269973682,1
1563,1563,0.2748060355481361,0.4186072749183299,1
1564,1564,0.8226143185136783,0.458431424131438,0
1565,1565,0.4237382536487628,0.7250060762991188,1
1566,1566,0.6675498992914706,0.574287575090211,1
1567,1567,0.0955353138346681,0.667212337194181,0
1568,1568,0.6238593246765729,0.7770492856517562,1
1569,1569,0.4517676787372291,0.8622029736581888,0
1570,1570,0.5866084631754741,0.3138754967224705,0
1571,1571,0.1680142077448634,0.5380227053639031,1
1572,1572,0.7368737449441821,0.8401080784392,1
1573,1573,0.8627970775432284,0.9894511309650564,1
1574,1574,0.2167398000907756,0.8895193110437631,1
1575,1575,0.0957145555201617,0.3714672626243768,1
1576,1576,0.0236385860463364,0.1951665172186504,0
1577,1577,0.641971500443266,0.4893925374065888,0
1578,1578,0.6070940360887808,0.7416414518360422,0
1579,1579,0.54669741271407,0.4925690707532976,1
1580,1580,0.2319470961159754,0.4831808633136684,1
1581,1581,0.3909059959055146,0.8382304210818006,1
1582,1582,0.594476335186173,0.3614037790671864,0
1583,1583,0.4967668588591693,0.8597946748116456,1
1584,1584,0.9877855202148874,0.4068048009517236,1
1585,1585,0.1364397525567331,0.3282331056783393,1
1586,1586,0.6951445540475937,0.453989911199699,1
1587,1587,0.4043187681042921,0.7624469586748684,1
1588,1588,0.4281996149256148,0.1260020278639942,0
1589,1589,0.7175977656581762,0.1964192158720174,0
1590,1590,0.6924361513243698,0.951444825663092,1
1591,1591,0.9912559937021884,0.1754916273813573,1
1592,1592,0.1283942894541252,0.5677273179310545,1
1593,1593,0.1041096493841663,0.579314466661938,0
1594,1594,0.7243388171287412,0.4896244620502447,1
1595,1595,0.5783869170064091,0.6447452485768186,1
1596,1596,0.2741606665598058,0.2298267257976184,0
1597,1597,0.0794193689889865,0.5526622677767483,0
1598,1598,0.0856582495964305,0.3721732552468971,0
1599,1599,0.8941908746641183,0.6616672596291892,1
1600,1600,0.1918673247187429,0.1412235433731495,0
1601,1601,0.3233715621155208,0.5708774168394761,1
1602,1602,0.226656402226988,0.1852703553833237,1
1603,1603,0.3549963058319373,0.2786430631150363,0
1604,1604,0.0694238427460933,0.2187098003235832,1
1605,1605,0.5190597909082704,0.1828377798688171,0
1606,1606,0.0676125635922149,0.825710951560667,0
1607,1607,0.8003565078223616,0.2857075676608904,0
1608,1608,0.233712081910433,0.9271237818644492,1
1609,1609,0.5400119146045106,0.9699265253451907,1
1610,1610,0.8800790875614581,0.5712604699370972,1
1611,1611,0.6508773690471942,0.1430011226657264,0
1612,1612,0.5329577865513353,0.3745482433795812,0
1613,1613,0.3243337531153756,0.797732263348214,1
1614,1614,0.3330019130581979,0.3673907286970705,0
1615,1615,0.6694869551981901,0.0870172183027887,0
1616,1616,0.9941393612211676,0.5567849109281879,1
1617,1617,0.6618391898493787,0.8451208514960348,1
1618,1618,0.5577834173700249,0.7959263871435025,1
1619,1619,0.7306505102392461,0.1751231401303532,1
1620,1620,0.4652056122837181,0.6727646144124667,1
1621,1621,0.0601423426007852,0.220504263435647,0
1622,1622,0.5622968158779098,0.2182075345521721,0
1623,1623,0.9576252845053802,0.8740717733051853,1
1624,1624,0.1753029423576596,0.2496689527402301,1
1625,1625,0.6900048908206657,0.2632473465180111,0
1626,1626,0.2009336886590564,0.0006533907612995,0
1627,1627,0.5358276844730813,0.8706690341255175,1
1628,1628,0.0966764496467196,0.7925948132091348,1
1629,1629,0.4503709362581851,0.6273289350906779,1
1630,1630,0.7561633288952461,0.7502657639388421,1
1631,1631,0.3475715242389821,0.1520485674244917,0
1632,1632,0.664911724487218,0.4583235945875754,1
1633,1633,0.7954499607897293,0.3512193873487808,1
1634,1634,0.9271778194794528,0.0937765262570165,1
1635,1635,0.2346420818554535,0.4861304852149239,1
1636,1636,0.3993159158093081,0.9207396503426354,1
1637,1637,0.1524160133304174,0.0400591190506945,0
1638,1638,0.9924835021583752,0.2914609134937939,1
1639,1639,0.9270009679242952,0.2075409362057034,1
1640,1640,0.5399571302805596,0.2381466536656963,0
1641,1641,0.8420332943764213,0.9084345518793754,1
1642,1642,0.5209579772720422,0.4680690542342902,1
1643,1643,0.6235856880027597,0.4662994129398188,1
1644,1644,0.0891244321160166,0.7605756424552824,0
1645,1645,0.7552704204968079,0.1544922040049258,1
1646,1646,0.1277134836352348,0.4872653541000508,1
1647,1647,0.8260676302525284,0.4299852141210596,1
1648,1648,0.7820280876703859,0.596910690546656,1
1649,1649,0.7087446977429764,0.9995577032504388,1
1650,1650,0.0361603805247621,0.7694488940820471,0
1651,1651,0.3031283559453285,0.3978657030174273,0
1652,1652,0.2631125699108428,0.827553052274047,1
1653,1653,0.3601364074715191,0.1707083633124801,0
1654,1654,0.0876427467638385,0.03046368630896,0
1655,1655,0.9369578230310628,0.204448372464273,1
1656,1656,0.5538022407123763,0.3404115561142596,0
1657,1657,0.3055243106580236,0.5105807574595598,0
1658,1658,0.3969815170742834,0.6151291405411997,0
1659,1659,0.4472025405048356,0.910605717214422,1
1660,1660,0.6005943333606173,0.5098540095504578,1
1661,1661,0.5156794276964978,0.5012756446257295,1
1662,1662,0.9193919732144172,0.0502430098229821,0
1663,1663,0.4969634829058302,0.0349115526562237,0
1664,1664,0.9921580148233128,0.5511599619163721,1
1665,1665,0.8514249577450957,0.4381786132483446,1
1666,1666,0.2085105143573358,0.8391803949802986,1
1667,1667,0.9305952146439164,0.1606795847118452,0
1668,1668,0.1163663978854761,0.0249716621170495,1
1669,1669,0.8174497084911916,0.4490387679301259,1
1670,1670,0.3806232934765801,0.2374785567522574,0
1671,1671,0.8779743204450695,0.0496143733388374,1
1672,1672,0.8680566901074505,0.724598286847629,1
1673,1673,0.8059254001176211,0.1115929999572474,1
1674,1674,0.7900304363070614,0.6083195000077717,0
1675,1675,0.3046791390980408,0.2810497501668891,1
1676,1676,0.0809192830512521,0.173496050355022,0
1677,1677,0.4029801787651614,0.3797515229193174,1
1678,1678,0.1735245149865086,0.8014457762229535,0
1679,1679,0.6949510889024616,0.3920935769045726,1
1680,1680,0.3460997265377855,0.7507696492110558,1
1681,1681,0.9756102008599148,0.1254862967991506,1
1682,1682,0.640972077345332,0.7727714196650791,0
1683,1683,0.822480563634361,0.2369333249066486,1
1684,1684,0.1325246727418484,0.6773931298888729,1
1685,1685,0.8620144822726225,0.5657815548409962,1
1686,1686,0.9227571905133944,0.9291447172116876,1
1687,1687,0.4870619188189359,0.3873225179753141,0
1688,1688,0.6062529377509774,0.0661651888344404,1
1689,1689,0.7648098009029954,0.0191554855512529,0
1690,1690,0.1748386272604125,0.8268585609727531,1
1691,1691,0.5025660764634424,0.5247356376614322,1
1692,1692,0.3986630277723131,0.7752440518349493,1
1693,1693,0.146373992162249,0.2344256000115147,0
1694,1694,0.3675344222915314,0.3450837455132337,0
1695,1695,0.0681723093854935,0.0301038722113189,0
1696,1696,0.0258119069494869,0.9614923245741124,1
1697,1697,0.1351662891548227,0.6678679067008133,1
1698,1698,0.9631151115891738,0.9332050877593062,0
1699,1699,0.549529535895017,0.2654964074290723,1
1700,1700,0.96582216115322,0.611463611225661,1
1701,1701,0.4324978783301319,0.6784999682926379,1
1702,1702,0.3118161330852596,0.3175497002575884,0
1703,1703,0.5061418628402441,0.8481092350156302,1
1704,1704,0.4395116886329101,0.9471614629002476,0
1705,1705,0.1056646842617438,0.8848551176960043,1
1706,1706,0.6408263146902062,0.7390669759393727,0
1707,1707,0.2160381825095996,0.277464679724954,1
1708,1708,0.6195879548978297,0.2816160421056317,0
1709,1709,0.6502010923981534,0.9633603204460378,1
1710,1710,0.1520248531286481,0.010284495935692,0
1711,1711,0.0613496271106681,0.7160499732421444,0
1712,1712,0.7807615860684398,0.7062461625552622,1
1713,1713,0.4598004237693202,0.6226895409497974,0
1714,1714,0.0581637955054758,0.9901088460868658,1
1715,1715,0.9948663171697671,0.3118794357637252,1
1716,1716,0.0577805609963666,0.3399718637932482,0
1717,1717,0.6950352288585532,0.0789394029465555,1
1718,1718,0.9836789252634136,0.4427981365437375,1
1719,1719,0.2391801042159256,0.2610485262348481,1
1720,1720,0.1422493686871961,0.3433867021776442,1
1721,1721,0.1213849394224289,0.8345717902556277,1
1722,1722,0.3032751475675955,0.9354845135274956,1
1723,1723,0.1010458110106467,0.1857330720051856,0
1724,1724,0.6921613416941319,0.3725089315534658,1
1725,1725,0.0622917981300626,0.928630562115394,1
1726,1726,0.5094221281497897,0.0618084606892226,1
1727,1727,0.9966968538529768,0.0923605281113785,1
1728,1728,0.8139702695060188,0.1627909892062293,1
1729,1729,0.6152194382310109,0.5952128341268748,0
1730,1730,0.3062536207866116,0.1504722710059974,0
1731,1731,0.6238958362916385,0.9680763814507336,1
1732,1732,0.5270414639116516,0.4467145272585203,0
1733,1733,0.4260833838903715,0.5015179603501664,1
1734,1734,0.1307103767401994,0.2466586158054065,0
1735,1735,0.8866042152404667,0.4709602524347334,1
1736,1736,0.4497846488213224,0.6619136326370116,1
1737,1737,0.194622511820765,0.7511771369540429,1
1738,1738,0.3677593508772896,0.753868082709913,1
1739,1739,0.414129752528927,0.5778911126940883,1
1740,1740,0.8275378955668742,0.9043597749938572,1
1741,1741,0.733614380561402,0.8174078473061094,1
1742,1742,0.7693048936413397,0.7570481146986255,1
1743,1743,0.0110312644286472,0.0556055216804606,0
1744,1744,0.4161539981797615,0.0068779622196492,0
1745,1745,0.4813441516353236,0.2124472771954729,0
1746,1746,0.0191922768230566,0.6635235939134522,0
1747,1747,0.2598132087450342,0.4111974888825458,0
1748,1748,0.760289823122135,0.4024062592993116,0
1749,1749,0.137109705728999,0.8845868882296136,1
1750,1750,0.5353101314525917,0.8955628481318387,1
1751,1751,0.2152018720172375,0.9091752640535858,0
1752,1752,0.0121207746438932,0.3138780765150272,1
1753,1753,0.2412014575995414,0.6910558127392618,0
1754,1754,0.9758737549100538,0.2716331812743696,0
1755,1755,0.8015371118829896,0.1906098330744497,1
1756,1756,0.9595766443210334,0.1846324573473692,1
1757,1757,0.4878540439263625,0.3421076208635941,1
1758,1758,0.1097361986775035,0.4299576197798218,0
1759,1759,0.547959488973693,0.8309491710550684,1
1760,1760,0.4543773345599609,0.1198910934727121,0
1761,1761,0.844357082739616,0.7349258473948943,0
1762,1762,0.0980825807842445,0.5314549141893053,0
1763,1763,0.4882411370217782,0.2879453426759925,1
1764,1764,0.1500486646939842,0.4928195845328245,0
1765,1765,0.3246759268900599,0.2999420697770227,0
1766,1766,0.7373570773877995,0.5960819552383059,1
1767,1767,0.4760181293687665,0.4338439228552442,1
1768,1768,0.3758882851457693,0.1644055290788787,0
1769,1769,0.3944762785700352,0.1165830745556967,0
1770,1770,0.4594467684059866,0.5466956820721302,1
1771,1771,0.7850165438370569,0.9024130332861036,1
1772,1772,0.8920846889402344,0.3439576865576855,1
1773,1773,0.9553346865039284,0.7330001072226233,1
1774,1774,0.7869033862552952,0.658661354939767,1
1775,1775,0.3154068957480127,0.9315549143094808,1
1776,1776,0.6881347060865421,0.8209810172991409,1
1777,1777,0.4376031240553919,0.566605258905463,1
1778,1778,0.2546706220460512,0.6570304982341072,0
1779,1779,0.8408715794259226,0.898386466584035,1
1780,1780,0.038426348962325,0.3995187845869348,0
1781,1781,0.9017619921354236,0.3267947058577773,1
1782,1782,0.4614774646247341,0.0108110836351963,0
1783,1783,0.6372014768082803,0.8265510741914642,1
1784,1784,0.6593539222057828,0.8009807004033649,1
1785,1785,0.8951177407065365,0.1044545181001514,0
1786,1786,0.6366696821672072,0.5768573811327002,1
1787,1787,0.6139335847600618,0.4639816981668874,0
1788,1788,0.0666520405606899,0.1187090955091114,0
1789,1789,0.5184080219452041,0.9805682270607236,1
1790,1790,0.1501690008170416,0.2146958874633554,0
1791,1791,0.7374337687214856,0.0672341800905611,0
1792,1792,0.5122219208126745,0.5948473795019097,0
1793,1793,0.6802277792083533,0.7388666771330327,0
1794,1794,0.0416729006023842,0.0324434460471869,0
1795,1795,0.0847920160458032,0.6587176387270223,0
1796,1796,0.7163233880626824,0.5322918759514544,1
1797,1797,0.0720843359986733,0.1032650088750484,0
1798,1798,0.0712567277652585,0.1725238769463621,0
1799,1799,0.0121084752348874,0.5679742973160806,1
1800,1800,0.95650139829948,0.2963576135132883,1
1801,1801,0.737508359459007,0.938315728651316,1
1802,1802,0.3532514085020642,0.8187402294840509,1
1803,1803,0.2965355812876552,0.9835672065136628,1
1804,1804,0.3497032297458495,0.259670838950414,0
1805,1805,0.7746535311811819,0.969723632797977,1
1806,1806,0.6613706110704144,0.431233869791558,1
1807,1807,0.1851955678674679,0.3475187953137546,0
1808,1808,0.1741093353340843,0.0503495269693532,0
1809,1809,0.0983956497133973,0.0527652578596026,0
1810,1810,0.6603027197013381,0.6920112559466547,1
1811,1811,0.7643726622217359,0.457928994434028,0
1812,1812,0.265046428325004,0.2265216260361056,0
1813,1813,0.0209449610309128,0.6139703063252326,1
1814,1814,0.0821716674764273,0.2528581182501112,1
1815,1815,0.9678600348450304,0.5776317543444227,1
1816,1816,0.2954447774774202,0.3592087469826904,1
1817,1817,0.7692231478381336,0.8235522266118191,1
1818,1818,0.6246635688542638,0.8206961607667794,0
1819,1819,0.3819396396528959,0.4773503981224014,1
1820,1820,0.205687262195555,0.3508191093350156,0
1821,1821,0.1213864181594064,0.3625597965590945,0
1822,1822,0.6150129680388666,0.8057145256682179,1
1823,1823,0.774633780637788,0.328179482797612,0
1824,1824,0.6439042535411307,0.209059373706846,1
1825,1825,0.5303021332491583,0.0846883418753068,0
1826,1826,0.0419512234316362,0.4666931208844083,0
1827,1827,0.9684887775943838,0.4821320989198419,1
1828,1828,0.7987141916545745,0.840908710402907,1
1829,1829,0.2928220367009647,0.2212386964460639,0
1830,1830,0.9799703293588508,0.3809912736683999,0
1831,1831,0.6018815896363221,0.808405738893691,1
1832,1832,0.5824226582072465,0.8236236107489735,1
1833,1833,0.7480731794295321,0.3846110759787682,1
1834,1834,0.8117697880901376,0.4591240232866808,0
1835,1835,0.6564786073315027,0.3032858908492829,0
1836,1836,0.1280957463662,0.932554878419312,0
1837,1837,0.3382675059944984,0.1186437657415803,0
1838,1838,0.9280836403260496,0.93374942300147,1
1839,1839,0.2246156118438519,0.6838664518353432,0
1840,1840,0.3721670238375133,0.5315721526867312,1
1841,1841,0.432076882944196,0.0326590607844958,1
1842,1842,0.4394049896944522,0.4755961918220084,1
1843,1843,0.6129395824945255,0.4077481050027323,1
1844,1844,0.9430758377447076,0.1612188119751225,0
1845,1845,0.2406927118325049,0.6564096035006568,1
1846,1846,0.121501376300918,0.971150907368286,1
1847,1847,0.1974704898599373,0.562188811064525,0
1848,1848,0.8869249002092696,0.7147532764439459,1
1849,1849,0.6458108126552061,0.0684504525660168,0
1850,1850,0.2859067892391602,0.4176669958169947,1
1851,1851,0.8159469389686171,0.1163584851644959,0
1852,1852,0.861369996363436,0.6127958355365104,1
1853,1853,0.846514338690278,0.9384821582141546,1
1854,1854,0.9189265336395546,0.6617777324716384,1
1855,1855,0.2522410201733616,0.0768030483144215,0
1856,1856,0.7550419287462784,0.3546662049850828,1
1857,1857,0.46053949727414,0.5506633794408514,1
1858,1858,0.8419985528900614,0.4032077561332521,1
1859,1859,0.7284906771616132,0.8336440104751723,1
1860,1860,0.7764474464997246,0.8146710047099892,1
1861,1861,0.6561618376810715,0.6118310201032214,1
1862,1862,0.1774287694697068,0.3734579451327053,1
1863,1863,0.5450269188969383,0.2553363737632441,0
1864,1864,0.9846697395245082,0.1058743182131293,0
1865,1865,0.937388066497119,0.3548976834865541,1
1866,1866,0.0431737357970116,0.4131725172077195,0
1867,1867,0.1648148157294371,0.6758229251040736,1
1868,1868,0.1317287734545619,0.6581598242975735,0
1869,1869,0.7259799099852955,0.0701081396412569,0
1870,1870,0.8177853298569451,0.3952593154311578,1
1871,1871,0.2135113663106718,0.1817788672173619,0
1872,1872,0.505852692951829,0.1568127053168056,0
1873,1873,0.8407030280111999,0.8273021497372458,1
1874,1874,0.7328015447662506,0.0419152167162575,0
1875,1875,0.5422372054918483,0.4191828759021213,1
1876,1876,0.5903476904587729,0.1682036557665182,0
1877,1877,0.50836054691628,0.8793302156784739,1
1878,1878,0.2975484513188206,0.557040513275035,1
1879,1879,0.5650219928590161,0.231380636376848,0
1880,1880,0.6888853020500906,0.5024272871663764,1
1881,1881,0.8733229158608077,0.7314863597031159,1
1882,1882,0.6362913539792481,0.958118008919434,1
1883,1883,0.761121537043158,0.2204460042454189,0
1884,1884,0.160071634954573,0.8861817721293451,1
1885,1885,0.4615574744197899,0.9343041141674904,1
1886,1886,0.0093316198270933,0.9164205445320662,1
1887,1887,0.246678864521623,0.6354143568619098,0
1888,1888,0.726461715113005,0.6298206544347076,1
1889,1889,0.9918099513493636,0.4032106331838228,1
1890,1890,0.0991780995872159,0.752397882303788,0
1891,1891,0.4014943158612882,0.5312940183509319,0
1892,1892,0.8000709686991595,0.6774380712282945,1
1893,1893,0.2040356346288988,0.4284579038487955,1
1894,1894,0.5550849493022862,0.731496464043139,1
1895,1895,0.7330712960296749,0.8244715176045491,1
1896,1896,0.615985450260179,0.1464362566028161,0
1897,1897,0.1880247346154161,0.8329297155742279,1
1898,1898,0.3553845686857395,0.5402965317903073,0
1899,1899,0.7837917844853972,0.8446659090902242,1
1900,1900,0.5542265141320166,0.4313017063410147,0
1901,1901,0.0052296135429127,0.379040485383035,0
1902,1902,0.7609907600280938,0.9150607325172224,1
1903,1903,0.035311354940239,0.2511692675484013,0
1904,1904,0.7457337827312321,0.844212325286143,1
1905,1905,0.2024805601652374,0.4840205725094041,0
1906,1906,0.9580734801193804,0.5140954425512597,1
1907,1907,0.3679407513020845,0.308468281489484,0
1908,1908,0.3269316163380791,0.5730422006190156,1
1909,1909,0.1488880503324446,0.3252111962762112,1
1910,1910,0.3056042154902149,0.0392694142416523,0
1911,1911,0.8766507618282005,0.2719986053443561,0
1912,1912,0.9963343376272472,0.0063790434065907,0
1913,1913,0.3683095305068483,0.9783547870568567,1
1914,1914,0.4486106309545425,0.9657472098197474,1
1915,1915,0.7220709382027372,0.395155297472305,1
1916,1916,0.8861957804650745,0.728370854339646,0
1917,1917,0.5930443341867842,0.345806098410425,0
1918,1918,0.3915256981778293,0.671093157085976,1
1919,1919,0.4126218408486237,0.8054300430459791,1
1920,1920,0.6956181464968069,0.9467562446922408,1
1921,1921,0.0032182636042786,0.400212275849672,0
1922,1922,0.6195893374598407,0.7832979829560476,1
1923,1923,0.3554930104413574,0.2659284506321188,0
1924,1924,0.7941973312770843,0.9903323037936484,1
1925,1925,0.0929906398231321,0.0257695987643511,0
1926,1926,0.5882022669483905,0.6035288065011211,0
1927,1927,0.4809728898861237,0.6595059816513272,1
1928,1928,0.6423255259052275,0.6880455570741287,1
1929,1929,0.0648535944829683,0.120387578789089,0
1930,1930,0.5799837874281313,0.9385297834731304,1
1931,1931,0.5614845879595237,0.1811832790500828,1
1932,1932,0.5606600944161709,0.6227534032398411,1
1933,1933,0.6034876665964548,0.2226760791230849,0
1934,1934,0.6764679372263622,0.3072164170212708,1
1935,1935,0.8049889996807698,0.5464585417281242,1
1936,1936,0.2698207201282143,0.4171934185645765,0
1937,1937,0.8250494101800621,0.1602256009765062,1
1938,1938,0.4982556822634536,0.1709364024208482,1
1939,1939,0.0770582791343311,0.4181447881627996,0
1940,1940,0.0585509292439792,0.7572829782755008,1
1941,1941,0.3342383186960607,0.8979646468477885,1
1942,1942,0.7848969771114676,0.0841276622593828,1
1943,1943,0.7076809347409156,0.3931039075594009,0
1944,1944,0.7886149646724065,0.1002455637228766,0
1945,1945,0.5172690564416094,0.0165924806325978,0
1946,1946,0.4401989979554905,0.6617186826439566,1
1947,1947,0.1474525267062839,0.6024494419665879,1
1948,1948,0.3281927536093115,0.1630191138148862,0
1949,1949,0.4340193661738753,0.2338128330930641,0
1950,1950,0.0886004296796172,0.0237077536445183,0
1951,1951,0.2206119527112112,0.8349472056944037,1
1952,1952,0.5982252940637388,0.9746905960485516,1
1953,1953,0.7356631142391897,0.1354595367946907,0
1954,1954,0.9983475113929496,0.2314752137652981,1
1955,1955,0.9331133313435576,0.8684095239469339,1
1956,1956,0.6425651995351916,0.9264637979561848,1
1957,1957,0.4212480532940719,0.4196273828068103,1
1958,1958,0.6361773647082326,0.0506224722690741,0
1959,1959,0.785651618080232,0.0393918336928193,0
1960,1960,0.1183361909233873,0.5739498660690106,1
1961,1961,0.4099048896962882,0.3928951088931791,0
1962,1962,0.8398022856356172,0.0286524275776545,1
1963,1963,0.383832951933044,0.5832523923125568,0
1964,1964,0.5718722712271865,0.0113025365890224,0
1965,1965,0.5877693608621982,0.787371958149273,0
1966,1966,0.1844762531336393,0.3064328227033715,0
1967,1967,0.3622354416522884,0.0402580030092321,1
1968,1968,0.3345112887419321,0.5883522209831533,0
1969,1969,0.0261967085320648,0.3976844144330547,0
1970,1970,0.0241917638913552,0.9738004133571496,0
1971,1971,0.8316970436757735,0.5441986625037023,1
1972,1972,0.2730708099728123,0.2752391810370082,0
1973,1973,0.5180787662388154,0.7094388646339748,0
1974,1974,0.298725573588773,0.2714920025427114,0
1975,1975,0.9406792451153406,0.9042432914075652,1
1976,1976,0.2592967588657738,0.3747219705073764,1
1977,1977,0.429656812738935,0.5498685627762052,1
1978,1978,0.8727302504846017,0.0505731038242288,0
1979,1979,0.8419335667918088,0.4261212379522306,1
1980,1980,0.1861014178462773,0.8323635396609949,1
1981,1981,0.8026433097957105,0.8056488053633418,1
1982,1982,0.4581868867378927,0.2243185588535262,0
1983,1983,0.4829688720853552,0.2260790710105626,1
1984,1984,0.1334799724159438,0.8173053122132367,1
1985,1985,0.0806015137571246,0.9303984201693256,1
1986,1986,0.7279393069737652,0.0953609212730035,0
1987,1987,0.4964611523552997,0.4500586394262253,0
1988,1988,0.4368507026151795,0.3374542789642289,0
1989,1989,0.7295082286523967,0.8706884554574393,1
1990,1990,0.7655128989911099,0.0835249146800187,1
1991,1991,0.1589081676693535,0.2111259425580374,0
1992,1992,0.6102251494776413,0.7524683375864943,1
1993,1993,0.1353540822776855,0.0512938489812155,0
1994,1994,0.7513750860290457,0.4925353807142892,1
1995,1995,0.6569551562671394,0.4421070346797201,0
1996,1996,0.956614621083458,0.3344011789887486,1
1997,1997,0.0689580163564211,0.3945723153189238,0
1998,1998,0.0570547211512543,0.5299405869302328,0
1999,1999,0.2821870746932001,0.1613673583883831,1
